6.431099,6.4483833,6.4350514,6.3303967,6.171903,5.989249,5.8127832,5.6882477,5.619539,5.5762315,5.521009,5.369866,5.175932,5.0050025,4.9044056,4.8188806,4.7813616,4.798512,4.871965,4.9507394,5.2531786,4.7721763,4.0497437,3.9369004,3.6615176,3.3754396,3.2795012,3.180976,3.1414716,2.903384,2.2149608,2.8493836,3.4348867,3.918864,4.276659,4.71502,5.3751435,5.4317904,5.279797,4.9270034,4.7807646,6.477,7.4891133,7.09619,7.1492853,6.7207775,6.2542806,5.916641,5.563681,5.2953906,5.108345,4.9596677,4.8789654,4.7650986,4.6482844,4.5499797,4.4560647,4.3576274,4.225431,4.150684,4.1080174,4.081701,4.112782,4.1696463,4.206692,4.215237,4.148161,4.0271363,3.9735014,4.0850797,4.295027,4.5016866,4.601562,4.7620997,5.010113,5.2451377,5.3422956,5.416665,5.481865,5.464751,5.441835,5.449377,5.4254713,5.3839192,5.3495016,5.3732457,5.4365296,5.472885,5.508273,5.577695,5.672063,5.7431006,5.801047,5.851132
6.580178,6.5627823,6.5263014,6.4386635,6.307497,6.1397505,5.952618,5.812567,5.7479315,5.7005696,5.610584,5.437647,5.248894,5.1004148,5.024183,4.943946,4.916768,4.965026,5.160608,5.2169714,5.2615905,4.149322,3.7120054,3.8655787,3.2617173,3.2494705,3.2861388,3.148071,2.9910653,2.5847108,2.746032,3.36583,3.8626616,4.2156796,4.48605,5.1582856,5.6406784,5.7837133,5.724182,5.3885736,5.4191127,6.8825912,7.383442,6.9868875,6.988603,6.717365,6.3203845,5.967738,5.610958,5.324275,5.109021,4.940338,4.813109,4.6605816,4.5200405,4.412454,4.3215814,4.2237873,4.094682,4.0414505,4.0287547,4.02264,4.0316358,4.0513034,4.0450706,4.020226,3.8756907,3.6328006,3.5064259,3.637538,4.02069,4.3446083,4.4160314,4.535301,4.7487745,4.9436,5.089976,5.230342,5.2694616,5.2313156,5.2349753,5.2306533,5.2009277,5.1620774,5.1585164,5.213085,5.2837353,5.3291583,5.3474975,5.399502,5.476294,5.517591,5.5369506,5.5653176
6.6428804,6.6293406,6.554871,6.4872003,6.396743,6.274106,6.128589,5.9807343,5.886526,5.8215775,5.7005553,5.512801,5.316382,5.1588097,5.066492,5.0305414,5.071913,5.251208,5.5064964,5.330952,4.725257,3.9166658,3.8617651,3.6206996,3.2082627,3.2801764,3.2336366,3.0530624,2.7245212,2.6296866,3.2757683,3.950482,4.41692,4.5415635,4.7937655,5.6684775,6.1331835,6.033771,5.6460047,5.5210624,6.280762,7.126154,7.227029,6.764912,6.609412,6.7079988,6.3399444,5.9642572,5.617582,5.3395815,5.1306887,4.9591393,4.7643347,4.5530047,4.3732877,4.265914,4.2053866,4.1207414,4.018448,3.9683592,3.9502048,3.9326859,3.9115498,3.896694,3.8499238,3.7777941,3.5958688,3.3212852,3.1974778,3.3408942,3.7883768,4.1785336,4.2793884,4.3643403,4.5016103,4.6881075,4.9201646,5.1070614,5.096837,5.0709267,5.046176,5.022858,4.993715,4.975154,5.0047445,5.0628543,5.127381,5.1957574,5.2135167,5.247224,5.2937093,5.3153977,5.322775,5.2955236
6.640137,6.642538,6.583668,6.541956,6.4775963,6.381261,6.2683096,6.1593647,6.0924706,5.9873905,5.833471,5.6120033,5.3917336,5.213413,5.0964603,5.1302347,5.295333,5.59397,5.6183147,4.949268,3.9576244,3.6958094,4.031873,3.399716,3.3295054,3.3594584,3.1339347,2.8299348,2.5099046,2.7791147,3.5736954,4.150405,4.5040445,4.570778,4.7993016,5.2061267,5.4430876,5.0359287,5.0888863,5.3843894,6.3222246,7.1271787,6.836842,6.407757,6.47048,6.720241,6.287106,5.9152784,5.5644684,5.302979,5.113288,4.9360714,4.7106733,4.4691877,4.2710633,4.143378,4.0699425,4.0067253,3.9369957,3.8826764,3.8392613,3.801261,3.7421947,3.6880717,3.6082537,3.4865544,3.2788708,3.0799837,3.0662918,3.165084,3.6402748,3.9871156,4.073149,4.2438283,4.382599,4.6382456,4.879082,4.995817,4.956467,4.9290695,4.8697157,4.825423,4.7972336,4.805174,4.8531814,4.910652,4.975778,5.0607557,5.0987554,5.1113405,5.1398945,5.1656785,5.1579995,5.077183
6.632406,6.6231093,6.609736,6.6020756,6.5696006,6.5135493,6.4344635,6.353291,6.29896,6.197743,6.0284286,5.768252,5.490232,5.2455683,5.0660396,5.1390142,5.4477,5.629823,5.441961,4.664553,3.7853723,4.1059146,3.5917826,3.4417317,3.4708202,3.3082643,2.9180305,2.649506,2.56417,3.2681544,3.881027,4.2946897,4.5364943,4.557723,4.627723,5.0517354,5.0197787,4.48419,4.8152175,5.6198936,6.482783,6.9956913,6.6600213,6.199636,6.3871408,6.6158433,6.1814165,5.82339,5.494797,5.2580113,5.0620313,4.8499537,4.6076894,4.394194,4.2110105,4.046915,3.9254262,3.8575888,3.7962706,3.7315629,3.6571565,3.623371,3.5549903,3.4820418,3.381859,3.2157905,3.0486693,2.9977975,3.0747318,3.174134,3.701795,4.003963,4.0877814,4.242287,4.4159417,4.6608386,4.790901,4.803343,4.799959,4.786455,4.717454,4.66393,4.651816,4.680006,4.719396,4.7782636,4.8477225,4.932007,4.9683466,4.9790363,5.006062,5.0169125,5.003206,4.9165506
6.6025543,6.5919785,6.6105037,6.6394763,6.653181,6.6518593,6.613858,6.5651746,6.513177,6.4175043,6.2830415,5.989628,5.6439433,5.3737397,5.1686177,5.256646,5.1230454,5.3754864,5.2599945,4.5931783,4.205106,3.9288511,3.3596234,3.6578224,3.5841396,3.2508988,2.8748498,2.795936,2.9978428,3.7803233,3.8444927,4.1677084,4.488509,4.628946,4.6210146,5.1579943,5.8421383,4.8675175,5.1109447,6.0144944,6.4977574,6.664228,6.425451,6.0095,6.184517,6.464463,6.011153,5.666355,5.4005485,5.2114224,5.0167994,4.776394,4.5122857,4.309792,4.12575,3.9421818,3.801032,3.730472,3.6731567,3.5585995,3.4639368,3.4348383,3.3799138,3.3220668,3.2415473,3.0694792,2.9399765,2.9692833,3.1412315,3.2650783,3.7003775,4.001616,4.1902547,4.2349353,4.390155,4.5901313,4.678276,4.6725,4.6708684,4.6459694,4.5989995,4.559588,4.564441,4.598145,4.6134167,4.6559644,4.7381396,4.8080993,4.8313146,4.8613343,4.8859324,4.8694515,4.8497624,4.78579
6.560955,6.5789847,6.630664,6.6988645,6.757628,6.8059044,6.7845697,6.7517157,6.713857,6.64735,6.5388536,6.170014,5.7967544,5.5358534,5.2968554,5.0267253,4.6266475,5.0256534,4.8245807,4.394522,4.3555665,3.8419147,3.8246248,3.696423,3.401675,3.1738734,2.9139607,2.9618661,3.365893,3.9238622,3.7629135,3.9277425,4.4110527,4.862798,4.887524,5.0419617,5.835836,4.94078,5.3584948,5.959679,6.0714664,6.122877,6.1344347,5.9118357,5.9194326,6.198431,5.901439,5.5850596,5.3380513,5.1776013,5.011742,4.777344,4.4779787,4.2281857,4.0254407,3.8458006,3.72539,3.6682072,3.5884645,3.456273,3.362745,3.3176608,3.2403946,3.1798706,3.132881,3.021624,2.909065,2.9884214,3.1958528,3.2811835,3.5693126,3.9318178,4.120252,4.1603584,4.274518,4.454844,4.5642376,4.5673766,4.5555506,4.526198,4.499517,4.4860654,4.490766,4.510417,4.538498,4.546962,4.6175437,4.69499,4.729743,4.7760444,4.803189,4.7539816,4.7193604,4.66786
6.518678,6.5720882,6.655844,6.7638965,6.8637013,6.961221,6.9647527,6.9304943,6.9038606,6.8822174,6.8615623,6.401004,5.9629707,5.7536154,5.5111766,5.1834593,4.8383784,4.526895,4.134258,4.099176,4.015494,3.8129995,3.8599846,3.5189621,3.1347086,3.0470688,2.9262934,3.0585153,3.5358431,4.0458374,3.7956955,3.744189,4.400975,5.1099005,4.9541535,4.878445,5.5832,5.076974,5.371975,5.661737,5.7614145,5.7165647,5.7378283,5.6648083,5.5627456,5.769079,5.7878456,5.5799623,5.3848224,5.1944327,5.020004,4.785227,4.441787,4.145443,3.948285,3.8003802,3.6882706,3.6669497,3.6248066,3.4799368,3.363679,3.294455,3.1631114,3.0562727,3.0036378,2.9340596,2.87985,2.972296,3.1588562,3.2483335,3.533883,3.9219682,3.961295,4.040839,4.123786,4.2465334,4.319105,4.347493,4.370681,4.383511,4.3856273,4.3745723,4.404157,4.3883934,4.462009,4.443787,4.4988117,4.5924573,4.6207743,4.6668572,4.6995482,4.652895,4.6149607,4.557712
6.496366,6.5547156,6.6556034,6.8056397,6.9536204,7.115326,7.157653,7.1381764,7.124487,7.107935,6.9802785,6.7299957,6.2857075,5.9553328,5.6670213,5.490642,4.6239862,4.57784,4.459915,4.1027637,3.824477,3.681149,3.6480894,3.4403358,3.0042255,2.8825603,2.9315515,3.1427097,3.5767062,4.1934915,3.880802,3.8174093,4.2803874,5.0580726,4.854088,4.56948,5.566636,6.1106687,5.8394337,5.677233,5.571925,5.4123163,5.3635297,5.316593,5.264147,5.2854495,5.2466393,5.279857,5.387082,5.2564235,5.0319705,4.764251,4.38123,4.0462856,3.871424,3.766948,3.6731331,3.6815116,3.7041874,3.5866935,3.4591703,3.339331,3.1638632,3.0038078,2.9065063,2.8486416,2.8612418,2.8880408,2.9681928,3.1306438,3.3947978,3.922888,3.890438,3.9450123,3.982893,4.0171027,4.041004,4.092521,4.136201,4.1593843,4.1701126,4.200022,4.2489157,4.294909,4.346131,4.3273225,4.365062,4.461073,4.4902296,4.51268,4.557295,4.547548,4.5258317,4.475147
6.519977,6.576362,6.672612,6.840111,7.044555,7.2625957,7.36512,7.39403,7.396625,7.3735714,7.165885,6.8813663,6.4903927,6.0501885,5.828996,5.5935235,4.716293,5.3602467,5.027856,4.3405185,4.078836,3.8071291,3.587553,3.3914328,3.1905334,3.132094,3.043418,3.2705476,3.5725498,4.0306196,3.9697425,4.168468,4.2304354,4.7681255,5.032391,4.7967396,5.525554,6.587789,6.2832646,5.9081078,5.550781,5.2360997,5.091884,4.985178,5.040924,5.0424604,4.88088,4.865119,5.107672,5.086497,5.001891,4.819535,4.4078264,4.0125456,3.7643387,3.645024,3.690663,3.7549562,3.7932768,3.7293482,3.593265,3.437025,3.2615883,3.117187,3.0239155,2.9209018,2.8552537,2.8003907,2.7719631,2.9311087,3.1668744,3.9302368,3.8989494,3.903962,3.8847344,3.859893,3.8658829,3.9069643,3.9615366,3.9973059,4.0398593,4.090165,4.1449594,4.2274823,4.2759953,4.2384224,4.2644444,4.34137,4.36455,4.3507066,4.397588,4.418788,4.4291267,4.4154453
6.582532,6.6714506,6.7601004,6.9236803,7.1513195,7.388945,7.5808473,7.6795344,7.69753,7.552321,7.4085436,6.926779,6.4726906,6.096693,5.9254804,4.822608,5.38415,5.4603124,5.1552424,4.820126,4.396831,3.9150264,3.7414072,3.4973278,3.3623602,3.297328,3.1479774,3.5604725,3.7592802,3.9592755,4.227988,4.4342856,4.4233932,4.9969854,5.469148,5.4474387,5.490132,6.0339,6.0501204,5.8116984,5.6131954,5.444047,5.3150907,5.1350985,5.0026975,4.947589,4.699114,4.3533673,4.3234687,4.2761745,4.434158,4.6241193,4.340979,3.9417932,3.639316,3.5746937,3.7027931,3.718029,3.8849256,3.8490572,3.6433504,3.5374274,3.432482,3.2800958,2.8952987,2.7857373,2.7108262,2.7218647,2.705173,2.9904525,3.284867,3.9727373,3.9654353,3.9276085,3.8366926,3.7785146,3.7965221,3.8365507,3.9070375,3.9796128,4.0277996,4.0992694,4.174205,4.279496,4.32082,4.2774,4.2776976,4.2899113,4.2604628,4.2525115,4.299252,4.3213573,4.3467207,4.344029
6.656118,6.795471,6.9301686,7.086861,7.305249,7.5447793,7.814007,7.9617653,7.957733,7.7215266,7.495713,6.7603846,6.2754793,6.1579933,5.2683945,4.1182594,4.166341,4.7898316,5.1808105,5.00884,4.4252086,3.8280692,3.7748764,3.6287508,3.6054227,3.2644596,3.5617337,4.135065,4.1336627,4.112801,4.435762,4.5602813,4.621754,5.2813735,5.7014565,6.052776,6.0384073,6.0121255,5.8699884,5.6518555,5.49468,5.4387717,5.3765287,5.194301,5.037236,4.924883,4.579918,3.8571863,3.492959,3.424111,3.5397563,3.8466642,3.992803,3.991021,3.513203,3.0706582,2.9559653,3.065959,3.6549668,3.5642686,3.3631642,3.4229171,3.2554748,3.17684,2.7368524,2.5432487,2.6434517,2.7094874,2.6683147,2.9498568,3.8093123,4.101546,4.113434,4.045564,3.9240165,3.8687253,3.8431983,3.872045,3.9380217,4.0073314,4.0526085,4.155084,4.268066,4.404872,4.457374,4.409352,4.3738484,4.351402,4.3137255,4.3021426,4.3333883,4.3434076,4.336717,4.278232
6.7249303,6.9264264,7.12087,7.2938576,7.5111046,7.773953,8.077873,8.224753,8.1523285,7.884905,7.347704,6.6843424,6.0529213,5.712109,4.08568,3.3791769,3.6723278,4.6170135,5.135255,4.8259835,4.2207203,3.6612105,3.7452333,3.586622,3.8958654,3.9331117,4.2321153,4.5315356,4.3545623,4.347389,4.590875,4.895005,5.020694,5.4689536,5.7170944,6.117108,6.4111114,6.188371,6.0069547,5.743198,5.4999967,5.3206916,5.2252517,5.164057,5.041472,4.934776,4.759586,4.140653,3.471782,3.3917243,3.356048,3.3607044,3.7855122,3.8932164,3.2893775,2.913863,2.808624,2.7923794,2.9862525,2.8905578,2.9139986,2.9320118,2.9957616,3.1905882,3.0332859,2.8399673,3.0100665,2.9698052,2.898169,3.0168753,3.910015,4.2182655,4.298366,4.2499604,4.1415815,4.051738,3.9504445,3.9476795,3.9928818,4.034242,4.0821424,4.2310047,4.422222,4.599879,4.6573896,4.5880246,4.522566,4.511427,4.50359,4.4618587,4.439223,4.4220676,4.4023,4.330929
6.8252196,7.0782924,7.318385,7.520024,7.7369676,8.048989,8.300923,8.435044,8.33846,7.9914737,7.1406765,6.3557544,5.587786,4.9043612,3.747718,3.8058727,4.447691,5.2752323,4.9423614,4.5629263,4.162429,3.7481492,3.684742,3.6285894,3.957067,4.3655715,4.511433,4.648058,4.568281,4.618248,4.888132,5.20387,5.294689,5.406544,5.597799,5.8819385,6.1412206,6.089456,5.9553766,5.614457,5.3633933,5.25095,5.162845,5.1128774,5.1183386,5.0743413,4.9623914,4.3594685,3.52263,3.4280584,3.460145,3.4342482,3.5368266,3.9024513,3.4415703,3.0130634,2.858418,2.7539515,2.7427454,2.6929088,2.6977246,2.6604996,2.7901099,2.9139454,3.1005945,3.2289517,3.3307967,3.27362,3.234349,3.0547276,3.6462648,4.3574457,4.5005465,4.5181713,4.444991,4.3370824,4.186757,4.085875,4.07062,4.130845,4.1879854,4.332619,4.592456,4.8029823,4.909021,4.848454,4.7447515,4.728431,4.7285333,4.66606,4.578312,4.5139365,4.4798512,4.4044075
7.0010166,7.2705398,7.5209947,7.7657924,7.9848404,8.295683,8.4607115,8.532013,8.459214,7.946921,6.8689213,5.8472815,5.0847964,4.1147337,3.4967284,4.023948,4.6185794,5.1795373,4.6569567,4.347626,4.009934,3.6989386,3.454787,3.4205194,3.9601214,4.184805,4.419982,4.8091106,4.7562156,4.5687203,4.934167,5.077671,5.0965366,5.2542586,5.6953235,5.918694,5.999738,5.8549047,5.821981,5.613611,5.443811,5.342295,5.247244,5.157677,5.216066,5.180961,5.1178775,4.683896,4.0508013,3.6103792,3.5233293,3.486919,3.425488,3.9329803,3.5776055,3.0050673,2.9012606,2.8294888,2.7943149,2.62942,2.5681803,2.6042697,2.643732,2.72448,2.9004846,3.2866688,3.4151838,3.3411362,3.3346598,3.134094,3.3725202,4.5360823,4.75049,4.869883,4.8800488,4.7705083,4.624391,4.5138364,4.388131,4.345894,4.393795,4.496758,4.7241817,4.90013,5.061034,5.074882,4.990501,4.971847,4.982437,4.9088616,4.810953,4.700162,4.5990663,4.502513
7.2004604,7.485822,7.744004,8.045392,8.339457,8.635051,8.704728,8.781663,8.644762,7.688363,6.4978,4.904531,3.9395316,3.5517817,4.502364,4.4079576,4.4914675,4.5263443,4.188133,3.9912224,3.81401,3.457139,3.2677853,3.3801575,3.9096146,4.1719365,4.570038,4.867921,4.8351455,4.4327426,4.5642185,4.7947617,4.8440247,5.174449,5.7357426,5.7757616,5.787158,5.656203,5.705646,5.7252088,5.667817,5.476846,5.2817073,5.147172,5.1428647,5.102608,5.1577206,5.0739894,4.462535,3.6687284,3.6634097,3.474655,3.4587615,4.0434475,3.7507677,3.3477664,3.0134306,2.8490808,2.8469853,2.6716864,2.5568774,2.61426,2.7363853,2.7100568,2.8523016,3.0623832,3.1346333,3.1221788,3.3706021,3.3542035,3.1261992,4.3883877,4.8277054,5.0211496,5.1599936,5.096191,5.0346193,4.9339085,4.760807,4.6489816,4.6135516,4.710738,4.8837886,5.0005836,5.0668554,5.1806803,5.2086926,5.1944785,5.2260375,5.1633005,5.084547,4.9925804,4.846345,4.6921206
7.4781847,7.7021933,7.94877,8.261355,8.623913,8.950527,8.916262,8.9424515,8.668376,7.5886965,5.9867024,4.326801,3.7907898,4.3329835,5.1406026,4.265338,4.044888,3.9048357,3.6264598,3.6355207,3.5572581,3.3372216,3.476952,3.66853,3.8909981,4.0704775,4.3253546,4.126544,4.3970656,4.145008,4.079537,4.538035,4.716754,5.0598497,5.63363,5.660101,5.673305,5.612549,5.6144824,5.656888,5.6036005,5.4525204,5.275255,5.1233063,5.051097,5.080508,5.2597933,5.26592,4.7611027,3.9148412,3.627404,3.4197085,3.360509,3.6201649,3.8787265,3.6543198,3.079019,2.8531506,2.937152,2.7514539,2.6025007,2.6534426,2.7479548,2.847107,2.9048169,2.8915577,2.8363082,2.9054234,3.3162222,3.5018542,3.2768896,3.594606,3.7851353,4.383998,5.0581284,5.262829,5.300854,5.2722607,5.158719,5.045141,5.012995,4.9767756,5.036507,5.1791487,5.1917753,5.251639,5.3327627,5.3423486,5.417662,5.376923,5.320923,5.271084,5.1433816,5.0026007
7.699233,7.8198624,8.062515,8.357284,8.661209,9.025812,9.026284,9.10083,8.851849,6.7408834,4.6749353,3.6563144,3.7852507,3.7015746,4.0186734,3.6806464,3.8091018,3.8099928,3.4675589,3.4314406,3.489908,3.6202128,3.6256695,3.6807678,3.9941328,3.9234288,3.6542156,3.7863696,4.053294,3.8959684,3.8186016,4.1499205,4.617022,4.9928026,5.5634513,5.6234035,5.645397,5.645162,5.5607657,5.533894,5.5337276,5.4784837,5.335997,5.2331824,5.169523,5.196122,5.289737,5.2477994,5.056338,4.5424156,3.7857683,3.3713813,3.3284812,3.4697616,3.8545487,3.7414978,3.1199296,2.969239,3.2665906,2.8310025,2.717623,2.7548523,2.789409,2.9183328,3.0472567,3.1922948,2.9330542,2.8822536,3.1858804,3.4135559,3.6026404,3.7047203,3.7879388,3.9782841,4.8182335,5.2425036,5.4412127,5.4983816,5.4788837,5.4327884,5.363185,5.2665477,5.181762,5.2489305,5.31646,5.3604507,5.4031568,5.387027,5.5053062,5.5425367,5.5046725,5.481567,5.3962045,5.294783
7.859895,7.908496,8.090181,8.346985,8.573312,8.9209385,8.873859,8.793971,7.4788265,4.4318542,3.526878,3.4554346,3.3223505,3.3721437,3.69511,3.6342952,3.3960636,3.5741997,3.4705033,3.5912735,3.7082646,3.6393554,3.2578485,3.3833444,3.6531897,3.7827044,3.7889345,3.9832613,4.1181912,3.859916,4.1031914,4.346694,4.682,4.9211335,5.3713207,5.4855075,5.527412,5.66251,5.624399,5.518596,5.4754534,5.4501505,5.3362327,5.2811317,5.292125,5.3188424,4.915148,4.2718678,4.167454,4.0153885,3.6950364,3.4839044,3.4420652,3.8023229,4.0441365,3.9145303,3.4555898,3.2120578,3.5048676,3.0126443,2.943672,2.838639,2.7513185,2.839653,3.0050993,3.2291362,2.9985685,2.9349446,3.0073137,3.1064968,3.5013554,4.007108,4.3259225,4.397033,4.579339,4.351979,5.2289343,5.554459,5.6112723,5.6838617,5.656022,5.523413,5.351242,5.3396177,5.3697505,5.4289246,5.47445,5.4079194,5.4259257,5.578099,5.5982156,5.561923,5.525918,5.4720554
8.020743,8.062527,8.052241,8.178592,8.313113,8.50886,8.20944,7.148542,5.3149905,3.7051325,3.5022292,4.5122843,4.3405285,4.3272896,4.3559303,3.8032088,3.5213888,3.6353343,3.5385847,3.593101,3.456387,3.3392758,3.0642412,3.4948022,3.58918,3.965904,4.214455,4.281091,4.1411576,3.7978375,4.167678,4.663457,5.0075016,5.077422,5.410613,5.5530486,5.549013,5.6797123,5.6159735,5.5520706,5.5648203,5.578159,5.508379,5.457339,5.5477676,5.5981274,5.0995283,4.231328,3.8364677,3.7125242,3.637429,3.5516837,3.706454,4.25895,4.2630935,4.1873946,3.9079702,3.3594127,3.5408762,3.202343,3.3148296,3.161584,2.9174974,2.8104532,2.9115832,2.9999492,2.9355779,2.9411867,3.1001706,3.1006444,3.0805166,3.424144,4.039174,4.444036,4.247386,3.7526946,4.8162165,5.3645372,5.6463785,5.789709,5.8046126,5.7458615,5.640837,5.527355,5.4762397,5.50707,5.5294485,5.5206275,5.380554,5.4369597,5.5833316,5.618981,5.6760263,5.6308537
8.176407,8.185155,7.959659,7.8536673,7.938865,8.188427,7.0192027,4.7848544,4.268176,3.638813,3.7053556,5.3250504,5.5468802,5.2174497,4.073842,3.5256975,3.6840208,3.7815762,3.6264703,3.4604247,3.3591821,3.1375577,3.4544616,3.59109,3.7304265,4.025771,4.2873106,4.3613057,4.102735,3.7433393,4.1895485,4.781497,5.0383782,5.122582,5.4167094,5.7024026,5.817896,5.83521,5.754436,5.729963,5.7665505,5.7943263,5.7375183,5.6849885,5.788878,5.8883724,5.632367,4.919151,4.039717,3.741859,3.5479198,3.5153158,3.9469266,4.3273454,4.4257784,4.398799,4.1513734,3.5332754,3.143731,3.1397986,3.4699051,3.4110632,3.183325,2.8737333,2.9339886,3.1064034,2.9082255,2.9108896,3.1609526,3.262839,3.2927866,3.2504065,3.4299638,4.0585337,4.4834757,4.3951087,4.3565893,4.409807,5.0518236,5.7367973,5.8802342,5.8614964,5.835542,5.7755876,5.6359086,5.5322733,5.486215,5.513851,5.444169,5.329552,5.385875,5.5134034,5.6746697,5.708392
8.239758,8.137766,7.7360706,7.352539,7.4130793,7.625694,5.7349863,4.339874,4.979877,4.4142923,3.8226442,5.402678,5.0609674,4.930834,4.3058705,3.6613045,3.7852619,3.843567,3.5354655,3.3306842,3.438943,3.3515816,3.4833565,3.5315447,3.900993,3.9988675,4.093548,4.2592506,4.2398095,3.8557596,4.00128,4.550308,4.9555,5.0346727,5.046099,5.4655533,5.869207,5.9256454,6.0163436,6.0304594,5.96075,5.933675,5.911138,5.8494744,5.8686585,5.860308,5.6869555,5.0718412,4.204281,3.8836915,3.3777595,3.2580273,3.5297925,3.7340539,4.1549764,4.472621,4.387353,4.027732,3.4048653,3.0180864,3.3608737,3.7290773,3.6228564,3.1027224,2.9088256,3.1380095,3.0882778,2.9247344,2.92674,2.9759812,3.495014,3.634193,3.4241567,3.4653788,4.002577,4.524986,4.406685,4.2297244,4.785553,5.3987923,5.8105464,5.942861,5.9577284,5.9724255,5.921886,5.6169076,5.4648232,5.4918,5.466099,5.349938,5.264843,5.319773,5.4327555,5.537578
8.146781,7.9900336,7.469743,6.7688794,6.2902975,6.005941,4.8023367,4.3747697,5.238959,4.258782,3.5943737,4.231694,3.9576044,3.9645603,4.4992876,3.4081094,3.5168166,3.6577532,3.3547528,2.9624538,3.0017142,2.9885952,3.189196,3.8343265,3.944566,3.9546702,4.0126104,4.178272,4.3143406,3.7476544,3.5643046,3.7977462,4.457723,4.975074,5.0698967,5.33675,5.6928296,5.9349785,6.007656,6.0391808,6.1206555,6.1690745,6.115935,5.9128985,5.8206143,5.7697287,5.709787,5.0367775,4.127121,3.8414752,3.5360358,3.377662,3.320103,3.3210874,3.6743844,4.3189254,4.4896793,4.378293,4.0316963,3.2164996,3.31559,3.903411,3.878205,3.3693035,3.1389933,2.9955437,3.177483,3.110102,2.9875753,2.9033628,3.1143937,3.5374932,3.705343,3.439996,3.373474,3.9392428,4.2642655,4.288452,4.354045,4.9880385,5.4575057,5.80608,6.046321,6.1628575,6.122439,5.792603,5.577032,5.571841,5.5141954,5.405839,5.2340293,5.0987754,5.2380404,5.2976832
8.090413,7.891554,7.3546076,6.554509,5.7278256,4.38954,4.252986,4.826488,5.0661163,3.9391577,3.307844,3.2527475,3.3349662,3.9201102,4.485346,3.4761848,3.2575078,3.7369351,3.7230327,3.2850065,2.9944248,3.0875947,3.539677,3.9582772,3.9937084,3.9077575,3.9124937,4.094315,4.1743402,3.6038706,3.615638,3.5738897,4.1827273,4.9522986,5.329123,5.5138183,5.749649,5.9338503,6.0445857,6.133296,6.2155457,6.2610216,6.24118,6.092804,5.9910088,5.866664,5.7472444,5.425375,4.798413,4.3504825,4.0113287,3.5378132,3.3340666,3.3675928,3.2942574,3.7695432,4.332898,4.483654,4.337928,3.67623,3.555317,3.9045942,3.9411361,3.5073245,3.3301637,2.9877384,3.0260139,3.0395505,3.2485025,3.2513614,3.0578485,3.1907506,3.254711,3.3562727,3.4118307,3.4386265,3.7304642,4.3241167,4.657623,4.9304276,5.1598563,5.566351,5.93525,6.104705,6.244695,6.000729,5.77721,5.6439734,5.5602255,5.442923,5.299739,5.1836114,5.1899357,5.2454805
8.159789,7.862023,7.322008,6.412299,5.443655,4.183983,5.2423615,5.9293137,4.5276327,3.946411,3.3062558,2.8664708,3.516273,4.233103,4.184187,3.3765635,3.3948066,3.7504904,3.6596293,3.73508,3.76679,3.805454,3.4215775,3.7207963,3.8206673,4.000784,4.127161,4.137854,3.6505182,3.3261826,3.5580332,3.641578,4.380908,5.2768106,5.7374325,5.8548775,5.733675,5.95388,6.13314,6.2228994,6.1130114,5.9637036,5.9756055,5.9882226,6.0181823,5.9269476,5.78038,5.6554155,5.4109163,5.084486,4.628994,4.0251555,3.7407966,3.5764165,3.3179164,3.3763175,4.060223,4.471377,4.404632,4.2357836,3.8711834,3.7944448,3.890892,3.760162,3.5578773,3.2536106,3.1871536,3.0640173,3.0811243,3.148027,3.1592498,3.0540962,3.0306349,2.9981866,3.226451,3.3072503,3.2558212,3.8059344,4.574588,4.8847737,5.057877,5.411818,5.80565,6.0671334,6.2150726,6.1636386,5.992769,5.6633906,5.4924254,5.4384127,5.362614,5.261277,5.2194777,5.310455
8.079814,7.937097,7.5941896,6.55178,5.2146845,5.411112,5.6253877,5.2162156,4.456251,3.8538628,3.2446554,3.0768974,4.087793,4.420749,4.0436344,3.5807955,3.8129206,4.0972505,3.8987892,3.7410312,3.9552135,4.185457,3.6636336,3.395678,3.866734,4.06441,4.018784,3.6219847,2.9457648,3.141498,3.814286,3.8192403,4.7681346,5.6725936,6.0055003,6.168783,5.9934525,5.961632,6.203755,6.2930503,6.2519803,6.2050366,6.1072917,6.0339117,6.082735,6.008557,5.8367724,5.733071,5.5651007,5.27412,4.8720837,4.237987,3.7312655,3.55457,3.5148375,3.6474373,4.3423977,4.478128,4.4717975,4.671051,4.3030114,3.842798,3.792204,4.0394144,3.870173,3.7746785,3.2762249,3.0621705,3.0769114,3.1778755,3.2501395,2.974021,2.9295595,2.9862306,3.1451557,3.1299956,3.2990496,3.4784892,4.3086004,5.0385065,5.213237,5.432087,5.6633825,5.9066787,6.0962176,6.2377205,6.219904,5.998343,5.6908913,5.599767,5.56267,5.460482,5.367966,5.461459
8.092217,8.115805,7.91013,6.5965657,5.543667,6.7865353,5.588136,4.4758897,4.276843,3.7532349,3.3063965,3.3420253,4.1119013,4.2541046,3.799493,3.6545386,4.05702,4.3069158,4.3381057,4.2809887,3.920008,3.9710631,4.1497307,3.748821,3.987051,4.013973,3.793445,3.3873937,2.8250453,3.3647742,3.7572286,3.7796638,4.793206,5.234383,5.4215584,5.8078966,5.909235,5.956338,6.2206326,6.391456,6.489354,6.4942307,6.4156594,6.220588,6.1667943,5.98513,5.7712326,5.679806,5.529211,5.199408,4.4899106,3.784256,3.5405073,3.4446325,3.5431585,3.7170112,4.521593,4.9970427,4.976258,4.952066,4.746328,4.066834,3.6219642,4.2279444,4.2225127,4.2013726,3.6540315,3.1491573,3.0760412,3.1949573,3.2549667,3.205887,3.0144322,3.1805854,3.227693,3.1065059,3.1930804,3.4066877,4.316165,5.00775,5.2787585,5.4642434,5.5644565,5.702641,5.9680943,6.215464,6.3739395,6.409663,6.2006574,6.0613675,5.994674,5.8315725,5.7313547,5.7521114
8.3391485,8.397187,7.824105,5.6995535,5.2507515,5.8417997,4.98237,4.166724,4.242559,3.486786,3.2186537,3.6010656,4.1910048,4.2866473,3.8371284,3.5929072,3.9827788,4.075048,4.037953,4.0149593,3.7893188,3.576173,4.1988134,4.273698,3.9234583,3.8348143,3.685826,3.5689442,3.265425,3.3600857,3.3624687,3.8351774,4.588709,4.9409986,5.0951953,5.377902,5.7004223,5.973186,6.171822,6.3111386,6.422511,6.4529867,6.3806,6.196027,6.068494,5.878976,5.611639,5.5019593,5.4640703,5.2807083,4.786946,4.3632812,4.0788264,3.5587878,3.5870774,3.83101,4.530095,5.01022,4.9950404,4.877007,4.7952166,4.1898923,3.9592457,4.2124243,3.7138293,3.712475,3.5169322,3.3353028,3.2386909,3.1715214,3.2021255,3.4405534,3.3853853,3.3452256,3.340882,3.2796738,3.4242826,3.628944,4.42017,5.0331607,5.244443,5.4588804,5.566701,5.6584024,5.8797493,6.1519074,6.383655,6.5310826,6.4626093,6.370525,6.2812614,6.164495,6.02238,5.9777246
8.686732,8.427325,6.0224123,4.3927827,4.556724,4.914651,5.0163655,4.0539517,3.8000212,3.597941,3.2728014,3.5673442,3.8540473,3.8764424,3.9813905,3.6768026,3.6927702,3.5720801,3.8207502,4.094826,4.10445,3.7714946,3.9971194,4.349656,4.180473,4.025385,3.716807,3.317854,3.1108832,3.003585,3.278719,4.163083,4.948703,5.6019506,5.6992025,5.709754,5.833364,6.054124,6.0959888,6.1911583,6.3029065,6.330542,6.2128177,5.992636,5.8880854,5.773942,5.5466475,5.4436083,5.4223804,5.3420534,5.206792,5.085003,4.807195,4.1573052,4.020097,4.326298,4.7567143,4.9488306,4.968057,4.855911,4.800602,4.233965,4.0200443,4.3580656,3.7743661,3.7536743,4.2144923,3.67095,3.3565493,3.1913066,3.0258253,3.3072295,3.4848237,3.370398,3.1811106,3.3241692,3.9784555,4.3730593,4.6544237,4.945757,5.1951885,5.489306,5.665717,5.7038198,5.8987145,6.153909,6.3930855,6.5878415,6.580972,6.4268837,6.354812,6.2446103,6.1851707,6.0960965
8.707624,8.1528225,4.882362,3.6845157,3.9950407,5.3195186,4.71727,3.7798285,3.6681256,3.499959,3.2348757,3.2428057,3.6654735,3.857298,3.9570594,3.7485385,3.5790787,3.3641622,3.5506938,3.841307,3.7970836,3.7380579,3.6657982,4.3103585,4.332551,4.3128643,3.8654437,3.4826567,3.2140818,3.0773509,3.0827806,4.4056664,5.691658,6.127128,6.351699,6.288033,6.176346,6.2161217,6.237912,6.204512,6.1852827,6.1359105,6.0420566,5.863358,5.784252,5.6561155,5.5409207,5.415521,5.245655,5.1474323,5.013943,4.958807,4.9878964,4.8716826,4.744992,4.808671,4.983112,5.047838,4.9809713,5.1534247,5.0858483,4.6056795,4.510691,4.85583,4.702791,4.697029,4.786481,4.3593884,3.740714,3.2786884,3.167312,3.1862695,3.3793826,3.439717,3.2955165,3.412985,4.1113367,4.5637197,4.3149347,4.6451144,5.1252494,5.481995,5.8580666,5.9057465,5.995817,6.17317,6.347886,6.5972486,6.7792134,6.732594,6.6303234,6.474558,6.3691583,6.2424593
8.556389,7.6251884,4.2173905,3.4660978,4.1615434,5.771533,4.028103,3.67929,3.5381358,3.2668324,3.25637,2.9258335,3.5463276,3.9572847,3.8897297,3.5484233,3.5482125,3.5531702,3.5933552,3.9076371,3.7768636,3.3146853,3.3282835,4.243249,4.3316736,4.2018642,4.259542,4.1626806,3.7253346,3.1040852,3.1931012,4.496866,5.553028,5.5461283,6.236011,6.5021157,6.3326178,6.2034726,6.2041306,6.1138144,6.0291123,6.0329776,6.0118213,5.8461275,5.6791496,5.630738,5.613129,5.381734,5.1167245,4.9829774,4.9207215,4.8878536,4.7250743,5.0018682,5.1056275,5.1191316,5.1609697,5.2270136,5.29737,5.3794036,5.310451,5.146659,5.032353,5.085982,5.0748854,5.004424,4.9899983,4.8174725,3.9967144,3.3575819,3.3236704,3.2569273,3.3400323,3.5295599,3.4468858,3.436765,3.8464906,4.074584,3.9574997,3.9332678,4.4825616,5.080232,5.8912926,6.1085863,6.0698495,6.148722,6.2781315,6.434638,6.7465563,6.8753743,6.8066635,6.686888,6.5288625,6.4622517
8.363284,6.6284223,3.8828049,3.5026553,3.8595898,5.0708256,3.9854999,3.7193575,3.648715,3.1621125,3.3429298,3.1951914,3.4456484,3.7447817,3.7211974,3.5303605,3.5631545,3.6118388,3.6319685,3.7000778,3.6101222,3.3309703,3.4343185,3.476547,4.126483,4.372181,4.330652,4.4281816,4.3682327,3.4982004,3.4793797,4.4854007,5.336344,5.177099,5.787919,6.386945,6.53654,6.3630233,6.279204,6.2351675,6.16172,6.153135,6.135026,5.975996,5.767354,5.686469,5.6013966,5.346655,5.2329874,5.216737,5.246751,5.2166295,4.9043245,5.231365,5.3906403,5.37237,5.339118,5.4687333,5.5652924,5.5366073,5.4684815,5.3218365,5.1842055,5.127142,5.037811,5.018596,5.106374,5.0396233,4.352095,3.88747,3.5741856,3.3321273,3.3481338,3.3922834,3.4812887,3.4841437,3.5077796,3.669549,3.7082565,3.668865,3.6837158,4.3045883,5.6110835,6.1541595,6.249504,6.0625215,6.2676725,6.391745,6.642347,6.856429,6.992529,7.0109987,6.9168725,6.79527
8.807905,6.090832,3.4598243,3.6295238,3.711335,3.8550565,4.004278,4.047425,4.243352,3.7145333,3.3464985,3.47808,3.6461885,3.9013572,3.7669113,3.5505142,3.5632515,3.6071,3.4878907,3.584061,3.4532752,3.476809,3.8794265,3.9819467,4.2472496,4.502662,4.5955544,4.6312222,4.8286276,4.1693373,4.1799765,4.90677,5.554299,5.612594,5.9689484,6.2563567,6.4323516,6.4219694,6.3619823,6.3476844,6.3205857,6.2242365,6.1077175,5.934998,5.8091826,5.7564893,5.6053305,5.434637,5.4104924,5.45835,5.5026674,5.564145,5.4650006,5.513852,5.5878596,5.541957,5.4742613,5.5288134,5.572929,5.586148,5.5886054,5.4375916,5.272522,5.1789336,5.0631704,5.0492663,5.1564074,5.2101374,5.102612,4.8503113,3.9638944,3.4919379,3.3984847,3.3858066,3.4388762,3.452679,3.482435,3.5644093,3.6591878,3.7104213,3.6295192,3.7193606,4.401861,4.8716207,5.4221153,5.4266686,6.043588,6.5034957,6.756771,6.989207,7.1433744,7.2716365,7.2456994,7.1690493
9.28999,6.243366,3.6083672,3.4618423,3.4850533,3.7793367,4.017146,4.075205,4.094157,4.213038,3.4716966,3.5019124,3.8502395,4.1594,3.9887867,3.7840953,3.9078887,3.9977322,3.838744,3.7380054,3.5636334,3.337149,4.0792184,4.566227,4.6255856,4.6536436,5.0144644,5.0071855,5.219569,5.1476426,5.0383368,5.5374217,5.8942194,6.017222,6.1242323,6.2832465,6.303222,6.35741,6.359303,6.456013,6.4312687,6.297332,6.2022014,6.0435314,5.888234,5.798078,5.663272,5.5580826,5.530895,5.4909925,5.474699,5.5368185,5.563811,5.5733533,5.587129,5.5490694,5.44086,5.4831867,5.5746427,5.641499,5.758315,5.5690603,5.4112716,5.3657856,5.248522,5.1926365,5.2606916,5.188304,5.138456,5.0520835,4.048965,3.6043959,3.549195,3.4789777,3.4726644,3.5661309,3.640967,3.7073095,3.6996005,3.7705944,3.6434646,3.587107,3.628645,3.8191087,4.093339,4.3266172,5.0448594,6.6154833,7.2935777,7.0700045,7.0286145,7.1608715,7.3056636,7.367485
8.29355,5.6123085,3.8360689,3.4716668,3.4159434,3.8747623,4.231539,4.1784263,4.1186175,4.40384,3.60851,3.7011395,4.172951,4.381073,4.354818,4.3209906,4.4058285,4.490208,4.0360394,3.741694,3.5487282,3.515098,4.1281238,4.155178,4.5988665,4.846905,5.087912,5.0631847,5.1666727,5.373791,5.4366584,5.688941,5.7709756,5.7771745,5.8795447,6.1281724,6.349364,6.5475326,6.6075263,6.654862,6.6043158,6.5351233,6.497503,6.391873,6.2115893,5.9716535,5.8045273,5.7235775,5.601964,5.425551,5.4178014,5.5344768,5.578837,5.5508504,5.4756465,5.3794513,5.30652,5.400111,5.5608587,5.7161283,5.9336066,5.926079,5.7292023,5.5722623,5.5171456,5.4484205,5.338666,5.2448316,5.2671604,5.2932725,4.9533877,4.299786,3.9667594,3.685164,3.6417627,3.757426,3.8379414,3.7681231,3.6800947,3.7376995,3.6551855,3.693404,3.5177917,3.739155,3.8596451,4.011231,4.215686,5.3444223,7.0351005,7.0965157,6.7354145,6.7677417,7.0199866,7.2298217
7.2985396,5.1995044,3.7316513,3.3486063,3.5984776,3.8108952,4.1504154,4.092436,4.2182317,4.532195,4.0812287,3.964444,4.429162,4.5789704,4.5903997,4.676902,4.7029986,4.724718,4.460166,4.2187824,3.880659,3.488518,3.6540964,3.7084727,4.4427137,4.6712685,4.930219,4.82793,4.921125,5.0941963,5.5968003,5.865258,5.8962502,5.9224143,6.0324836,6.1432476,6.358399,6.592582,6.6331263,6.646024,6.637912,6.604067,6.5267906,6.409396,6.2935658,6.0353885,5.8506236,5.771114,5.6356606,5.5244703,5.480005,5.446877,5.386985,5.4345584,5.420353,5.34293,5.3539877,5.4450617,5.5982485,5.739409,6.13689,6.171988,5.8551097,5.6034284,5.572432,5.4881945,5.4349613,5.3851285,5.4470077,5.531867,5.504325,5.3081617,4.896399,4.3454375,3.9758523,3.9734662,3.927792,3.8195,3.8940334,3.861707,3.8182118,3.7376146,3.650593,3.7747793,3.788148,3.7993135,3.939128,4.950875,6.423807,6.7231717,6.50751,6.451617,6.569678,6.758663
6.9589195,4.4709797,3.445264,3.7582319,3.8003845,3.9004035,3.969512,4.3162856,4.700508,4.7738495,4.4783015,4.3205147,4.2332106,4.5615187,4.6130524,4.6367593,4.799934,4.8731513,4.7058444,4.5129337,4.437339,4.412228,3.619433,3.3463774,3.7509904,4.2739096,4.5280147,4.371234,4.803586,4.917056,5.325568,5.7795153,5.912144,5.9249973,5.8678393,5.9599133,6.2880497,6.5686417,6.6669936,6.713998,6.664628,6.516967,6.338451,6.2342825,6.0979495,5.968733,5.928787,5.8368073,5.7110167,5.676375,5.5826106,5.3086247,5.2494626,5.3669705,5.3999805,5.4128056,5.506215,5.617555,5.636945,5.7842755,6.3075266,6.3123775,5.914367,5.531766,5.4499564,5.425813,5.458547,5.450974,5.547505,5.6515765,5.720795,5.7268515,5.411979,5.102654,4.566465,4.1488943,4.0943255,3.98663,3.9495127,3.8571486,3.708307,3.568493,3.390108,3.536796,3.6181543,3.6359665,3.5877318,4.6609516,6.072957,6.3882794,6.274693,6.193781,6.2331634,6.490716
6.7041783,5.0435176,3.5371304,3.2295547,3.3194036,3.6677086,4.138161,4.9319816,5.1191425,5.0433617,4.832938,4.4892807,4.2596545,4.1788044,4.3342977,4.58325,4.6680374,4.5491443,4.3473706,4.2720146,4.3978677,4.925629,3.944011,3.359063,3.5426414,4.122996,4.4911957,4.2601852,4.627321,4.8003354,5.186867,5.565488,5.621403,5.560599,5.35277,5.6106343,6.0377088,6.3212285,6.474623,6.5273743,6.503646,6.3968277,6.2466154,6.201575,6.084518,5.9800477,5.9758115,5.9458833,5.8510847,5.812788,5.739715,5.55402,5.477884,5.4365797,5.476179,5.567191,5.572897,5.6129813,5.7028437,5.9142876,6.399143,6.400704,5.8986864,5.530436,5.4791675,5.215184,5.4266334,5.7747073,5.930686,5.7960324,5.788059,5.7032423,5.44471,5.398924,5.514165,5.40009,5.191065,4.656802,4.0193596,3.753541,3.7674463,3.6751075,3.32717,3.348237,3.4898574,3.4813967,3.497704,3.5901299,4.9756603,5.696354,5.8372197,5.9128313,6.002002,6.251984
6.512135,5.0790367,3.52198,2.8740895,2.9962945,3.5593276,4.2011833,4.8793893,4.9705467,4.6305475,4.299234,4.538958,4.8026786,4.0440965,4.2573237,3.8310869,3.7280972,3.593818,3.4859018,3.550774,4.020545,4.426591,4.227374,3.6760077,3.4774888,4.151049,5.1137323,4.558513,4.4748597,4.5485897,5.4078336,5.6202965,5.7146935,5.443454,4.911084,5.6321497,5.9603043,6.0811725,6.2331896,6.376548,6.4417896,6.414748,6.335399,6.295274,6.2958627,6.125212,6.022724,5.926093,5.7739396,5.799052,5.8989472,5.9031596,5.794526,5.629,5.6118317,5.6975904,5.627994,5.563123,5.7384186,6.0080442,6.4628444,6.320094,5.3672705,5.292194,5.030409,4.6223454,5.3180823,5.840095,6.092738,5.943726,5.730159,5.593146,5.3606734,5.4098907,5.4994545,5.0558624,4.6570964,4.545527,4.304274,3.9888897,3.9602177,3.835473,3.5885737,3.5323148,3.5603876,3.4073036,3.3971891,3.3591604,3.488339,4.1483045,4.8469524,5.4671364,5.9571276,6.1509576
6.3354893,5.1749454,3.7574413,3.6014946,3.1794102,3.633632,3.8901696,4.242127,4.387401,4.149569,3.9503353,4.445747,4.744629,4.4939938,4.462914,4.001733,3.5696929,3.3251345,3.347545,3.6080103,3.5464501,3.5777214,3.613274,3.7875063,3.6971104,4.089281,4.367605,4.7251773,4.1357822,5.095501,5.5253553,5.6905265,5.812208,5.556155,5.4528003,5.9698534,6.033554,6.113508,6.2612495,6.392802,6.532354,6.5547333,6.443038,6.4171214,6.4392676,6.224087,6.003928,5.752241,5.6222796,5.7213173,5.8382025,5.7969003,5.7720394,5.7542543,5.7462654,5.726581,5.5657825,5.474233,5.5546784,5.8351846,6.391151,6.3890395,6.0450215,5.7804065,5.1194315,4.2845774,4.884993,5.8367615,6.1319556,6.078869,5.8398104,5.6926794,4.984425,4.5104356,4.675936,4.157383,3.884738,3.898584,3.9574323,4.032503,4.0704374,3.9686174,3.8854246,3.769044,3.5939026,3.5091357,3.417614,3.3252416,3.36078,3.4100382,3.6344852,4.0640683,5.0173116,5.890769
6.3535037,5.4496202,3.7287312,3.4519725,3.144625,3.5531905,3.9826689,4.3548803,4.608683,4.6145277,4.3045983,4.0354595,4.0921283,3.945439,3.7375295,3.45248,3.1933675,3.0414333,3.1914895,3.6405928,3.6419306,3.497238,3.385278,3.4012473,3.652762,4.267051,4.1187434,4.5581856,4.732139,5.3057995,5.296681,5.7000895,5.8398337,5.8359833,5.8486156,5.9675465,5.996267,6.0604324,6.265071,6.453543,6.549161,6.440398,6.317932,6.4449425,6.482556,6.2261624,5.846904,5.614052,5.610345,5.6900444,5.5692554,5.212846,5.573921,5.696579,5.663491,5.750404,5.6218123,5.580866,5.5096793,5.511111,5.837415,6.13971,6.0630083,5.993248,5.5995007,4.5284624,4.7796264,6.006284,6.2224064,6.2109323,6.1222634,5.6785483,4.7390666,4.0202975,3.9999876,4.0046,4.037796,4.0170994,3.895931,3.8005316,3.8715134,4.0548406,3.9025006,3.7954378,3.646725,3.616701,3.6305554,3.5758884,3.398593,3.3144054,3.3288565,3.5890572,3.9040372,4.4828024
6.005438,5.2544656,4.005547,3.6505466,3.4535158,3.6995173,4.510415,5.444926,5.8288527,5.4700027,4.9069734,4.1407466,3.662017,3.3921306,3.0689948,3.1685736,3.1198397,3.1051905,3.4045417,3.6628335,3.6643126,3.8483546,3.9540403,4.1007533,4.418592,5.043437,4.6615005,5.2434053,5.2630887,5.4438267,5.708297,5.8259964,6.002929,6.2784,6.183934,6.020821,6.059879,6.104447,6.2862806,6.4391346,6.4985423,6.3748593,6.2157516,6.326346,6.420242,6.1738915,5.913825,5.810677,5.7709103,5.787377,5.707685,5.632489,5.881993,5.852504,5.231423,5.59951,5.8385205,5.4910693,4.9655485,4.7257495,4.8408904,5.480049,6.0806246,5.97349,5.5484953,4.9693875,5.2817554,6.0093856,6.2759695,6.307033,6.1778526,5.652859,4.7256656,4.2461677,4.1592727,4.0397997,3.960855,3.8963912,3.7900732,3.6603599,3.719116,4.0547457,4.821941,4.838856,3.8083599,3.6016366,3.6610925,3.6692672,3.6526442,3.6111238,3.485586,3.5742824,3.8148704,3.9235055
5.779688,5.0187063,3.7771876,3.6427946,3.29687,3.6582975,4.5175905,5.564642,5.8076363,5.299907,5.0787535,4.7371335,4.149498,3.4994678,3.5458724,3.50894,3.2396975,3.1979146,3.6552513,3.785475,3.703042,3.688229,3.998055,4.2872944,4.888173,5.24926,5.168513,5.2928643,5.3919663,5.580708,5.72217,5.8422403,6.1617856,6.460598,6.3836074,6.254353,6.202571,6.1939144,6.2015653,6.313869,6.3921175,6.3941374,6.3045697,6.205352,6.242612,6.1451707,6.0280895,6.043363,5.8946447,5.867525,5.899582,5.867275,5.783815,5.7245307,5.141403,4.895253,5.4764028,4.857175,4.3441477,4.3102703,4.2264824,4.496557,5.493226,5.011776,4.8226705,4.996578,5.064313,5.545627,5.6826835,5.3769145,5.010298,4.4892325,4.1326075,4.1531396,4.064493,3.9005358,3.7706988,3.7837648,3.7805176,3.7287672,3.6921835,3.8026853,4.2736907,4.783593,4.710136,3.8577595,3.7524872,3.7060509,3.74968,3.7359502,3.6756444,3.7312467,3.767225,3.9689407
5.673785,4.858568,3.7190773,3.4412796,3.4614136,3.4983892,4.0510545,4.887524,5.014922,4.7358894,4.9500923,5.402038,5.1505246,4.0988855,3.4853764,3.2852025,3.3096364,3.5892534,3.8813426,4.207576,4.1664433,3.9528184,3.963018,4.511125,5.127434,5.2821097,5.344939,5.449921,5.5829206,5.72403,5.8071713,5.8654532,6.079351,6.4115467,6.4673796,6.4571643,6.265069,6.1500974,6.026375,6.101937,6.3084903,6.380195,6.290775,6.1710663,6.0967464,6.084306,6.110611,6.137679,5.969872,6.0043445,6.0929804,6.0901914,5.9510517,5.6559772,5.2662487,4.808022,4.7876906,4.580661,4.457555,4.5847015,4.752704,4.944341,5.164738,4.807787,4.610673,4.591497,4.340868,4.2518315,4.3361483,4.2603903,4.315237,4.271506,4.123396,4.0495105,3.851697,3.7370954,3.7819097,3.7867682,3.845749,3.828576,3.7707884,3.8499112,3.9065673,4.0134616,3.8586686,3.9599245,4.425854,4.016266,3.8292117,3.9125316,3.9072495,4.1231956,4.4926615,4.1917
5.6412654,4.634724,3.5542486,3.4436312,3.4903,3.2180557,3.7739687,4.9074516,5.048643,5.0534005,4.9725366,5.1972947,4.9451776,4.2336874,3.6136012,3.390079,3.5252197,3.5300496,3.6941974,4.0556884,4.2744703,4.4072185,4.460702,5.205755,5.5388503,5.624624,5.6580477,5.5727105,5.961953,6.090588,6.0871944,6.0555983,6.035919,6.255903,6.528303,6.560275,6.3399167,6.1702127,5.976902,5.9368725,6.067537,6.1474104,6.1141458,6.1181765,6.0963383,5.9988346,6.0462036,6.1499333,6.0573916,6.0065293,6.066591,5.986768,6.0850806,5.6463065,5.3568225,5.5849595,6.0288205,5.609784,5.3567066,5.822829,6.2059417,6.4652586,6.3572965,5.8455772,5.0440664,4.3247523,4.0681276,4.121226,4.1930013,4.220225,4.230803,4.3109574,4.330939,4.219615,4.102912,4.0324187,3.9888177,3.9612203,3.9229076,3.8551726,3.8604515,4.010474,3.996427,3.897457,3.849446,3.9634078,4.4541864,4.708366,4.108972,3.9800022,3.9613297,4.2520037,4.4226656,4.301243
5.2340994,4.138561,2.9006126,3.0155566,3.4346821,2.780994,3.550098,4.4274373,4.9137125,5.1424007,5.0791917,4.9626966,4.7608733,4.2741733,3.7474313,3.5533502,3.3470933,3.4118202,3.7417707,4.2675943,4.627224,5.365511,5.515397,6.1907573,6.0949893,5.9512053,5.923753,5.857761,6.177242,6.2795625,6.3136053,6.32141,6.2820573,6.2739067,6.457147,6.527403,6.388137,6.253494,6.1202564,6.0357804,6.019069,6.009432,6.015271,6.0799985,6.0681806,5.936608,5.9023757,6.003593,6.014888,5.88042,5.635688,5.363728,5.471188,4.843243,4.6805644,5.8131833,6.5685496,6.782914,6.655692,6.9390683,7.211668,7.1664414,6.5961175,5.8327985,4.8423767,4.210323,4.110996,4.086192,4.1319623,4.1525545,4.174573,4.32074,4.62652,4.771858,4.343154,4.104528,4.0863466,4.146954,4.0794744,3.976954,3.979908,4.102054,4.103127,3.9603362,4.019158,4.2409596,4.5464306,4.6335998,4.484991,4.2388434,4.066711,3.993384,4.1217217,4.2637653
4.6936784,3.3296916,2.9362042,2.9891632,2.962453,2.6895432,2.8773592,3.581719,4.248397,4.570861,4.223877,4.110255,4.050618,3.862193,3.6316605,3.5176332,3.619814,3.5546637,3.8913312,4.637048,5.3959556,5.825542,5.837058,5.9450727,5.9967437,6.0817676,6.021197,6.0326176,6.232223,6.345225,6.3651285,6.3538632,6.3418922,6.3484387,6.461156,6.5610714,6.546976,6.455811,6.2867017,6.0873575,5.929311,5.882941,5.9791393,6.093202,6.058264,5.9529624,5.863892,5.755864,5.6281657,4.967511,4.4432917,4.7394443,4.709853,4.4691806,4.5528736,5.083816,5.205676,5.339074,5.914918,6.684707,7.1198273,6.933968,5.9072356,4.72262,4.2974854,4.252402,4.1041465,4.030163,4.0930805,4.0733957,4.214338,4.290869,4.3992867,4.3259797,4.16652,4.142751,4.113968,4.1025743,4.122517,4.114462,4.1519084,4.2013545,4.1918173,4.129016,4.2238755,4.4551115,4.575003,4.5395565,4.6837606,4.797825,4.6010084,4.351974,4.290304,4.2265263
3.3999946,3.2220738,3.7943535,3.7700183,2.473163,2.4686186,2.5655015,3.1620708,3.9705646,3.9710805,3.7668839,3.5900745,3.4578824,3.4018753,3.2624636,3.267775,3.6367872,3.6158967,3.956389,5.3505692,6.010248,6.083358,6.08078,5.969499,6.097568,6.2107663,6.1600432,6.206653,6.3478866,6.4851456,6.5397806,6.468182,6.4031205,6.4546885,6.564361,6.6652827,6.6895494,6.526434,6.2502403,5.9776793,5.8343687,5.8884497,6.051922,6.161536,6.0520506,5.95595,5.9474583,5.5687866,4.8777666,4.419007,4.3196855,4.4547024,4.4209647,4.3756685,4.4429574,4.555511,4.579072,4.487582,4.5817986,5.312508,5.9976106,6.125256,5.218462,4.3866563,4.4158754,4.3288126,4.132911,4.0352564,4.090738,4.123317,4.22405,4.399828,4.472359,4.240412,4.1316314,4.2089334,4.1406517,4.0989833,4.1700373,4.2859497,4.428765,4.46154,4.4570985,4.478493,4.595958,4.883421,4.7583537,4.4949784,4.519558,4.582616,4.9739785,5.588816,4.8275805,4.3381248
2.808865,2.8241878,3.2449512,2.5663729,2.6233282,2.5703957,2.7109878,2.9843931,3.305326,3.1624665,3.3431718,2.9941378,2.8114843,2.8978179,3.0884275,3.2611754,3.5676224,4.0661254,4.911059,6.1240516,6.3727226,6.2439938,6.196982,6.187505,6.15836,6.302298,6.368839,6.4461,6.5186486,6.6016374,6.6447554,6.595082,6.540395,6.5278773,6.5003543,6.5204563,6.5076985,6.3873334,6.131627,5.64882,5.522523,5.8717794,6.162914,6.251056,6.0956984,5.9387746,5.875285,5.7095003,5.5290885,5.1356573,4.5101037,4.474667,4.4509087,4.4568505,4.471722,4.489953,4.5746665,4.690987,4.8878245,4.642882,4.7026463,4.822853,4.490781,4.3674994,4.369102,4.2955656,4.160476,4.0633745,4.0992928,4.192901,4.2563443,4.3652368,4.4049497,4.3966904,4.236204,4.086161,4.0411167,4.1895823,4.2499566,4.2915344,4.4091372,4.514943,4.5300646,4.357148,4.1169405,4.160715,4.243488,4.4817615,4.6075597,4.236859,4.4172726,4.907707,5.2930017,4.8808007
2.9742281,2.6175773,2.4124775,2.2706232,2.3888373,2.5778587,2.9756122,3.2642014,3.0649207,2.953039,2.9654744,2.7259924,2.3689225,2.5547113,3.1413045,3.1875381,3.6401649,4.560196,5.0377803,5.707521,6.063737,6.1276507,6.286945,6.4613423,6.547955,6.6309896,6.6332297,6.6233134,6.5779495,6.554486,6.590946,6.6121087,6.594379,6.482138,6.3080354,6.287153,6.3320336,6.2942333,6.12176,5.9575076,5.959063,6.0822496,6.2217455,6.2486844,6.1222043,5.948317,5.4341345,4.6735234,5.038548,5.8263454,4.6831574,4.451068,4.517727,4.5792346,4.5886106,4.690147,4.683648,4.9377623,5.8498206,5.5059323,4.729047,4.5570893,4.519632,4.4142613,4.3977847,4.290232,4.193683,4.119109,4.1630425,4.2611933,4.3552094,4.431976,4.432424,4.2977204,4.223659,4.0956187,4.1381073,4.269301,4.345641,4.417185,4.501471,4.521771,4.3532295,4.1113267,3.9549575,3.9737546,4.1938305,4.3922386,4.4302783,4.3095913,4.1317534,4.269049,4.743485,5.5443764
2.830291,2.406583,2.2477279,2.2589152,2.2130342,2.5097961,3.0190902,3.409967,3.4898605,2.9012778,2.6057973,2.2658014,2.2663643,2.6369026,2.8912752,3.013626,3.5591805,4.435713,4.1538873,5.1854253,5.6310253,5.8624525,6.197125,6.4743705,6.6020555,6.6666474,6.734069,6.7184124,6.5958724,6.525005,6.545741,6.5696673,6.547148,6.407697,6.2735133,6.3806376,6.5316687,6.458009,6.195951,6.088973,6.113268,6.1553154,6.2462225,6.28733,6.206771,6.0685725,5.600116,4.6305923,4.686362,5.3840046,4.5758357,4.5090227,4.6236987,4.6639166,4.619413,4.7265778,4.772371,4.891923,5.330744,5.4312735,4.706134,4.5438657,4.525063,4.441065,4.3515925,4.289602,4.269306,4.2302327,4.20966,4.279862,4.415928,4.5339465,4.5088253,4.379294,4.2695274,4.2349806,4.2688694,4.3795404,4.3596444,4.4047813,4.463706,4.466173,4.419491,4.1806192,4.0641046,4.092651,4.155073,4.19493,4.2392488,4.258516,4.216826,4.128265,4.2245708,4.6598325
