6.1902776,6.112509,6.054191,6.023403,6.009583,6.013991,6.0409465,6.0609765,6.0844545,6.113061,6.167202,6.2759943,6.4153385,6.5505743,6.640136,6.688004,6.653717,6.5124717,6.1940904,5.6719384,5.461996,5.144501,5.2418084,5.220303,5.4077086,5.6628747,5.689985,5.0631447,4.4477897,4.371368,4.189844,5.736771,6.0338445,5.7630258,5.612412,4.976456,4.786479,5.4829655,5.49188,5.0526943,4.7883916,5.840891,6.7886496,7.211248,7.8013287,7.933782,7.6865816,7.4040895,7.291219,7.3694415,7.504833,7.6153755,7.778074,7.864315,7.872181,7.7618966,7.620033,7.5285482,7.5127745,7.2970195,7.1218486,7.1619306,7.260011,7.2548866,7.219109,7.173962,6.931451,6.6340275,6.5536532,6.586518,6.315103,6.2903833,6.388685,6.325867,6.2306094,6.5727158,6.696139,6.735334,6.843962,6.8518677,6.889478,7.0671287,7.2349806,7.339623,7.3466835,7.3338857,7.409563,7.5138516,7.5540824,7.5795813,7.6178246,7.6006904,7.5751686,7.5570135
6.1507416,6.063328,5.9841433,5.9314933,5.9081063,5.917762,5.9603934,5.9974675,6.027324,6.0792875,6.1549215,6.271924,6.459597,6.6787515,6.832009,6.935372,6.8974266,6.7731266,6.4451447,5.791031,5.377991,5.1883807,5.335165,5.4488406,5.645583,5.7131486,5.466639,4.7289176,4.4400153,4.2375126,5.0854697,6.1731343,5.9565315,5.5980597,4.6527658,4.333837,4.746899,5.6209283,5.562555,5.0774326,4.9277997,5.9440513,6.591384,6.991195,7.54296,7.886149,7.7675505,7.5136504,7.391236,7.4866405,7.568526,7.587986,7.7409925,7.896335,7.9570603,7.8450513,7.6840353,7.58048,7.510202,7.2880692,7.2092633,7.2615385,7.2990613,7.209192,7.0603776,6.9350963,6.674264,6.4243164,6.299891,6.271405,6.0516286,6.1246495,6.2554955,6.228091,6.1766715,6.428414,6.5347424,6.615859,6.6782904,6.666161,6.7198772,6.897103,7.062863,7.1685033,7.1862593,7.1602044,7.2505097,7.3504744,7.3814154,7.410171,7.450476,7.489706,7.449205,7.408351
6.1380725,6.0519547,5.9612317,5.88506,5.8465853,5.835148,5.8522954,5.8912535,5.9557014,6.030625,6.112568,6.236477,6.430119,6.6806364,6.9028387,7.07824,7.109566,6.9940615,6.624407,5.908006,5.342443,5.4714193,5.5439167,5.746896,5.8221226,5.5505776,5.1856956,4.863931,4.53335,4.776693,5.982932,6.5269356,6.359869,5.896826,4.574168,4.489911,5.1547184,5.5836706,5.21575,4.9362173,5.252233,5.874855,6.2925153,6.659852,7.3069167,7.8532877,7.851972,7.6732035,7.6269994,7.65072,7.640908,7.6027837,7.7084394,7.898368,7.969565,7.824822,7.621275,7.517876,7.50585,7.341989,7.340266,7.3860765,7.335833,7.1675506,6.941434,6.756383,6.55828,6.420989,6.258451,6.069569,5.8811884,6.010328,6.1864567,6.249485,6.263095,6.386755,6.4435005,6.5503473,6.58014,6.5902653,6.6178913,6.762116,6.9419703,7.0696864,7.109741,7.095539,7.1455483,7.1969566,7.1832924,7.179706,7.224739,7.327384,7.3430066,7.313873
6.151856,6.0847945,6.003086,5.9121637,5.8575606,5.8090005,5.7768264,5.7739635,5.8351965,5.936937,6.0309577,6.170466,6.3972254,6.6901803,6.973369,7.235204,7.2693267,7.140235,6.6636286,6.1149473,5.756808,5.585846,6.153341,6.026067,5.6473618,5.132762,4.9023385,4.7905397,4.546793,5.786662,6.689703,6.424305,6.0523214,5.449804,4.6954374,4.3029027,4.306493,4.4025664,4.5939317,4.696787,5.2003117,5.9043703,6.1024976,6.5002294,7.261684,7.835598,7.9135475,7.813529,7.8179455,7.7893705,7.711208,7.6705,7.7416196,7.8916144,7.8931947,7.6628623,7.4127803,7.316799,7.411561,7.4120297,7.432113,7.4609466,7.3302937,7.0899363,6.8351855,6.639781,6.451192,6.3275747,6.1706505,5.904557,5.8874054,5.973441,6.145317,6.3273687,6.3347025,6.4072027,6.4281354,6.491863,6.5004077,6.5359917,6.5706143,6.6381464,6.7875214,6.9557242,7.075972,7.112507,7.132678,7.1457777,7.108017,7.07333,7.0532155,7.1171646,7.188291,7.2075152
6.1909447,6.153449,6.091295,5.9931583,5.9185863,5.8508024,5.7843103,5.7499695,5.7700777,5.845576,5.934279,6.08749,6.3345666,6.6476054,6.9632516,7.2158637,7.3397436,7.152849,6.5294123,6.3109574,6.0252867,6.4514937,6.2646627,5.9812427,5.2678986,4.7928042,4.5775337,4.5184073,4.995486,6.78104,7.1820555,6.39065,5.7814445,5.159668,4.7398124,4.6452365,4.2264733,4.1421037,4.516044,4.856667,5.533351,5.9372187,6.1610575,6.463776,7.154618,7.762666,7.9335494,7.908435,7.8764534,7.8150387,7.7366767,7.73908,7.7770357,7.842728,7.7440457,7.4605694,7.1999264,7.102509,7.212916,7.3705764,7.454022,7.4949675,7.3056917,7.0087805,6.7686243,6.5497684,6.3080487,6.231735,6.081454,5.9219594,6.0172634,6.13575,6.223163,6.3815336,6.3175445,6.3435736,6.3864365,6.432402,6.4483085,6.4685016,6.508228,6.538778,6.588174,6.777937,7.0133963,7.1105995,7.1645803,7.173983,7.146308,7.0547576,6.9772477,6.932092,6.9755535,7.038808
6.259118,6.2457304,6.19414,6.1098785,6.021557,5.931474,5.845765,5.789967,5.77146,5.8054543,5.8811913,6.0155125,6.266306,6.603111,6.9627876,7.240238,7.1497793,6.986321,6.358529,6.435752,6.2277184,6.8404536,6.383972,5.626052,5.043617,4.6605983,4.497108,4.6294646,5.754877,7.3923883,6.8211007,6.304869,5.9392285,5.5440917,5.1577935,5.012747,5.2473817,4.674929,4.9303026,5.398005,5.816009,6.100187,6.330928,6.454898,6.931002,7.5905156,7.801619,7.860607,7.852899,7.8047733,7.7606053,7.76235,7.739758,7.7228537,7.6017075,7.348602,7.158619,7.059199,7.0726447,7.270734,7.460655,7.4938025,7.2593727,6.9555016,6.738911,6.441434,6.1258793,6.1478505,5.9882865,5.9341445,6.050245,6.206167,6.389968,6.380223,6.2668595,6.242073,6.2975526,6.359546,6.3932896,6.40507,6.4317465,6.4580574,6.4586535,6.553308,6.8329425,7.0415225,7.15423,7.2138996,7.1744466,7.0564547,6.972581,6.8763914,6.864432,6.917317
6.327325,6.336408,6.299644,6.234604,6.1461754,6.049098,5.9454317,5.8721747,5.827439,5.8347907,5.859553,5.9372277,6.1769385,6.5052614,6.844552,6.946953,6.729661,6.8602185,6.651686,6.9500785,7.066591,6.3847203,6.026657,5.4386454,5.099559,4.742468,4.610096,5.252475,6.34047,7.2116413,6.5722275,6.0578523,6.070452,6.205016,5.905254,5.228756,5.399525,5.0968466,5.4564695,5.926755,5.951874,6.030906,6.235197,6.441377,6.801986,7.3057704,7.5297117,7.6438746,7.7262535,7.7044363,7.7122083,7.718456,7.675707,7.640137,7.534008,7.3257575,7.200285,7.168217,7.175483,7.3305917,7.529032,7.4950385,7.2128186,6.9173303,6.6824784,6.3196874,6.0405397,6.1038027,5.908456,5.8261275,6.0234137,6.2779274,6.4457226,6.3460526,6.2163186,6.1640096,6.1937995,6.248505,6.284456,6.2809367,6.2724814,6.332726,6.380698,6.4608526,6.6136074,6.8978314,7.0890822,7.189617,7.139994,7.043471,6.9732757,6.9009337,6.8830056,6.91415
6.3877716,6.386326,6.377833,6.3498926,6.291658,6.2010736,6.073879,5.969952,5.901651,5.8964095,5.9226894,5.9290023,6.124688,6.4613576,6.8223944,7.0551662,6.7993064,7.0459237,6.91821,7.207743,7.288402,6.4892683,5.632041,5.597836,5.2548475,5.1458287,5.1468573,5.828868,6.968557,7.2756596,6.5878263,5.7004924,6.0332923,6.5714517,6.3312035,5.2799916,5.150676,5.419425,6.0185766,6.054877,5.878417,5.902978,6.1852627,6.4796777,6.784101,7.02527,7.1949873,7.3247724,7.49104,7.4959416,7.566822,7.6625404,7.660508,7.607743,7.4581404,7.2699857,7.222037,7.306685,7.431682,7.5197515,7.5998273,7.4954457,7.1890044,6.879668,6.5762706,6.1909833,6.047044,6.0052032,5.686805,5.712785,5.887961,6.4155574,6.3682,6.2795477,6.1595216,6.145226,6.138633,6.1573257,6.1940274,6.2056093,6.17869,6.2108455,6.292549,6.4280157,6.5780582,6.7732987,6.9547853,7.101739,7.0953894,7.0333643,6.9690423,6.919644,6.945663,6.9827366
6.479606,6.4748034,6.472622,6.4621706,6.425228,6.3526917,6.2222953,6.0940857,5.9938145,5.947509,5.8886404,5.974867,6.1765237,6.404674,6.6631346,6.699961,6.934075,7.724834,7.285295,7.0603204,6.916422,6.4702477,6.009184,5.88989,5.1567082,4.9568586,5.273186,5.9736814,7.3080034,7.7669544,6.6493087,5.4385567,5.630037,6.326456,5.866395,4.938016,5.8039536,6.522809,6.4089932,5.9637475,5.8043127,5.9463067,6.3080935,6.609133,6.8336077,6.9556537,6.94278,6.975707,7.265785,7.369158,7.364486,7.5102954,7.5894356,7.566012,7.3243093,7.058917,7.0935946,7.305374,7.5519433,7.5963035,7.598481,7.4254127,7.140761,6.8634624,6.497046,6.120028,5.9837713,5.570182,5.1784844,5.42908,5.423967,6.2839003,6.3329935,6.2673707,6.176584,6.1926165,6.149552,6.108957,6.136348,6.175441,6.1607766,6.181204,6.272566,6.423298,6.58877,6.695081,6.771264,6.949091,7.032603,7.026878,7.004393,6.981623,6.9857554,7.038559
6.620919,6.633922,6.6366715,6.6252,6.5907288,6.5339875,6.403658,6.2569323,6.123395,6.016961,5.9559164,6.0507603,6.2496343,6.3265734,6.3984885,6.5823793,7.550107,8.185552,7.677581,7.068374,6.74444,7.0550766,6.9325385,6.436596,5.55154,5.072341,5.5270395,6.6692634,7.425898,7.5771484,6.494163,5.673868,5.3275213,5.2947893,5.319472,5.032036,6.0158668,6.525479,6.3012853,6.313374,6.344222,6.48518,6.8217854,6.9874444,6.912113,7.0245104,6.999471,6.7967787,6.8680434,6.872946,7.0086966,7.3143272,7.4358945,7.489576,7.075805,6.69472,6.9362397,7.2770295,7.6127324,7.6253395,7.487829,7.3312125,7.0799966,6.7887077,6.2272124,5.690328,5.443308,4.9120927,4.6493,4.749732,4.877566,6.1684713,6.385084,6.3344154,6.2311087,6.183964,6.167512,6.156558,6.139015,6.1314793,6.1976867,6.2720604,6.334694,6.4414873,6.574007,6.640897,6.671671,6.749111,6.939756,7.072829,7.1288137,7.116232,7.0394363,7.0834584
6.8077574,6.849142,6.8509398,6.8415413,6.7968984,6.7208676,6.5937614,6.4364786,6.301397,6.1555758,6.196144,6.2411284,6.37487,6.279601,5.8813877,6.075504,8.241645,8.401679,7.866715,7.002213,6.481356,6.8335967,6.8268213,6.67311,5.9577265,5.7064447,6.401623,7.1419415,7.019326,6.9296474,6.3444037,6.01571,5.48996,5.384004,6.000403,6.0960197,6.114961,6.0989103,6.4129057,6.8729925,7.053438,7.1252694,7.291686,7.2572823,7.1683517,7.2075324,6.907677,6.227448,5.8473225,5.6608734,5.8863363,6.5841575,6.8923674,6.9662566,6.5283685,6.2161536,6.5063357,6.6871915,7.5095563,7.4756303,7.050071,7.1364875,6.8003936,6.3297267,5.0639358,4.521103,4.524595,4.62018,4.335191,4.6992025,5.0821877,6.301374,6.575091,6.5429688,6.4089246,6.2016273,6.3020167,6.373914,6.313838,6.255107,6.3158755,6.4516644,6.5457487,6.577544,6.6204677,6.672123,6.7411523,6.7418385,6.8472776,7.101682,7.2500725,7.257348,7.103093,7.1424046
6.989449,7.1039915,7.1325393,7.104255,7.048054,6.9429603,6.8028083,6.6342154,6.4952054,6.34916,6.430164,6.3234982,6.36327,6.172619,5.4296513,6.350841,7.850289,8.193091,7.53182,6.8421683,6.373599,6.4256454,6.618851,6.9073415,6.8787923,6.4811077,7.3127623,7.344778,6.490803,6.3277297,6.247215,5.9911327,5.6628013,6.1942153,6.888467,6.966492,6.890784,6.6739683,6.8734665,7.2216043,7.3011546,7.267794,7.255608,7.26005,7.2990923,7.247642,6.7431912,5.5555577,4.8229885,4.691254,4.7848773,5.3209844,6.1391745,6.787025,5.9511557,4.962911,4.772345,5.089072,6.7440567,6.441583,6.01288,6.3571806,5.7863445,5.6565166,4.7488036,4.256461,4.6137347,4.663681,4.110361,4.444968,5.673034,6.597777,6.8586087,6.8432837,6.7062917,6.54935,6.57556,6.625594,6.5894732,6.5812707,6.6081963,6.7112236,6.835849,6.8301263,6.807952,6.8430653,6.905185,6.952056,6.806731,7.0459685,7.2211957,7.192158,7.1110864,7.190851
7.104051,7.2979403,7.416723,7.4063053,7.333954,7.1841226,7.0142303,6.833613,6.6729755,6.564577,6.522532,6.455082,6.2903023,5.649468,5.628294,6.520233,7.3191276,7.3015738,6.7882624,6.6729918,6.770531,6.7803593,6.903916,6.842713,6.9668837,7.117563,7.634739,7.359005,6.3395195,5.9338584,6.0075927,5.951166,5.9477806,6.673641,7.0577154,6.8918295,6.952157,7.0694146,7.3787947,7.4515247,7.382156,7.2375803,7.173417,7.270167,7.332761,7.1652484,6.977338,5.981488,4.859593,4.654461,4.679081,4.759957,5.5655274,6.2438726,5.388509,4.786964,4.7141643,4.797022,5.2488,4.9085326,5.0317554,5.1661706,5.23942,5.7512264,5.5312667,5.139016,5.506985,5.0972776,4.476674,4.4636474,5.5814657,6.755522,7.1575136,7.22106,7.103645,6.981632,6.925011,6.872756,6.8645353,6.904218,6.958122,7.0177794,6.999774,6.973992,6.973368,6.986792,7.0538616,7.1705756,7.1331244,7.057901,7.1184716,7.199259,7.177057,7.2149925
7.168001,7.389643,7.5835752,7.667153,7.6159887,7.46021,7.2756968,7.0903487,6.874413,6.734368,6.5389137,6.3487053,5.8298798,5.2176857,6.363194,6.8944616,7.5354867,6.623149,6.4338226,6.6253915,6.999256,6.8894086,6.988181,6.743801,6.628249,7.158413,7.362563,6.897207,6.209379,5.8657556,5.831532,6.101392,6.283025,6.7812347,6.7434883,6.422032,6.7059712,7.2017226,7.534458,7.40527,7.24811,7.217826,7.2976856,7.389841,7.35353,7.203416,7.011188,6.0829473,4.969073,4.6704426,4.696958,4.757055,5.056424,6.062853,5.6329374,4.8744984,4.7382417,4.675877,4.7351737,4.6442733,4.667844,4.657986,4.7639203,4.8834467,5.5053625,5.960484,6.1977873,5.703022,5.3726006,4.795926,5.277293,6.962185,7.3806343,7.5299597,7.551891,7.4646826,7.335993,7.180654,7.1157517,7.0859275,7.0942616,7.1013265,7.0843744,7.050487,6.9977717,7.10108,7.196448,7.2328134,7.3083425,7.2568655,7.1268034,7.264561,7.309643,7.3116574
7.2798467,7.4923844,7.7188725,7.8746657,7.8693886,7.739898,7.522831,7.284937,7.014816,6.7693377,6.4767294,6.237951,5.640523,5.6167197,6.4964614,6.480001,6.4724636,6.503783,6.6390066,6.623431,6.7190027,6.2486005,6.3343444,6.206676,6.363208,6.5742717,6.7986,6.8534093,6.328263,5.698754,5.6259046,6.162606,6.527967,6.86458,6.4135303,6.47162,6.9016714,7.250613,7.415547,7.3962727,7.4033246,7.4620957,7.5492687,7.558861,7.433641,7.270724,7.048834,6.416211,5.683338,4.9470577,4.6943564,4.668932,4.757098,6.0827804,6.0562572,5.202116,4.966526,4.669647,4.7026896,4.634524,4.639873,4.66636,4.752864,4.6979027,4.8782067,5.7865806,6.2748,5.9443703,5.937606,5.3551774,5.140424,7.123955,7.6086264,7.718617,7.8640428,7.853702,7.769462,7.574887,7.436664,7.345071,7.3023705,7.24456,7.1906686,7.0844736,7.0883794,7.1636033,7.2673774,7.340055,7.374145,7.409631,7.3622894,7.3354135,7.416167,7.43216
7.490238,7.6913342,7.9164553,8.092525,8.102962,8.010757,7.7819366,7.5236707,7.212163,6.6980724,6.302965,5.643644,4.9738607,5.9295893,6.4208555,5.9872355,5.636326,6.328578,6.2302146,6.202774,6.1339254,5.6323104,6.095162,5.9930143,5.689263,5.7368903,6.400236,6.774845,6.5361943,5.7942967,5.3046002,6.287595,7.1261826,6.9108214,6.5851583,6.9175477,7.072777,7.2544346,7.3829913,7.568388,7.695621,7.652396,7.6392856,7.5951033,7.5049596,7.345433,7.1597214,6.9226775,6.0988617,4.9614716,4.8757505,4.696344,4.825513,6.317921,6.737449,6.4374046,5.49418,4.759391,4.8218026,4.9185643,4.7876472,5.070553,5.52153,4.896843,4.733055,5.1605763,5.6137643,5.531798,6.3015747,6.1434298,5.0586586,6.7945104,7.3620634,7.478614,7.8813596,8.018243,8.033546,7.9674306,7.806177,7.670133,7.60345,7.5289197,7.4029584,7.2465324,7.1713147,7.2348466,7.287196,7.380905,7.4219213,7.5491414,7.621665,7.56993,7.5430365,7.5553093
7.740011,7.930331,8.127814,8.300862,8.355142,8.266234,8.000356,7.6713123,7.175576,6.6494737,6.0393133,5.21229,5.089498,5.7451816,5.969946,6.161697,6.970831,6.840797,6.5272937,6.0456433,5.566796,5.406047,6.2627177,6.008564,5.3805285,5.1266828,5.6053743,6.121113,6.3452272,5.95915,5.293527,6.589422,7.55627,6.790871,6.9079256,7.343589,7.287861,7.4327335,7.5292287,7.653547,7.650942,7.546587,7.5629473,7.586942,7.568258,7.4957447,7.357423,7.062836,6.3190722,5.2206864,4.8507156,4.7600307,4.602882,5.416905,6.8383,6.9812946,5.6131244,4.8219166,5.176693,5.0487976,4.7578683,5.02517,5.101952,4.923185,4.8348317,4.9299636,4.938334,4.9464946,5.94896,6.3646965,5.5727987,5.5331316,5.487645,6.2691936,7.5999284,8.107026,8.156619,8.16345,8.067157,7.917302,7.8030953,7.7125998,7.604491,7.4701333,7.4022527,7.431896,7.492489,7.534402,7.5797276,7.6672764,7.7793355,7.8353286,7.7521434,7.6738358
8.025389,8.173801,8.309245,8.42263,8.451631,8.356758,8.113953,7.7504163,7.1236067,6.219599,5.627001,5.0466623,4.9376516,4.9359155,5.67377,6.7036285,7.565488,6.6998,6.311621,6.2412443,5.7117314,5.442306,5.8790545,5.974493,5.965916,5.675572,5.668252,6.4621134,6.2837243,5.8224854,5.6396728,6.777579,7.469875,6.7609115,7.138152,7.608942,7.5336437,7.6907263,7.8626423,7.9231524,7.700922,7.534169,7.5166655,7.553725,7.684951,7.720392,7.5092945,6.9136043,6.322002,5.6704926,4.9802604,4.6478276,4.631722,5.331227,6.7553377,7.09537,5.743896,5.1512046,5.9479923,4.9934316,4.8048563,5.0825143,5.162049,5.09851,5.0893164,5.6563716,5.0498786,4.697576,5.3301077,5.8976383,6.094906,5.888864,5.7039857,5.7589555,7.185397,7.7968545,8.120729,8.267563,8.254807,8.119035,7.961248,7.859313,7.811245,7.7655406,7.734119,7.703028,7.7105083,7.768953,7.8077807,7.8412337,7.883545,7.8918447,7.869251,7.816357
8.298206,8.407242,8.473551,8.473149,8.466928,8.381431,8.036807,7.2857137,6.009191,5.558022,5.884868,5.77785,5.948845,5.8282537,6.319199,6.442818,7.229427,6.68843,5.9009953,6.0043616,6.4092426,5.894621,5.740838,6.568722,6.675414,6.501117,6.425613,6.6252723,6.754086,5.8903494,6.2049255,7.5359836,7.881268,7.1130238,7.2518263,7.681412,7.6673446,7.912481,8.1999655,8.13036,7.811483,7.573608,7.4902563,7.548916,7.780198,7.9638753,7.286138,5.9038944,5.26293,4.9695344,4.7301636,4.6593423,4.787525,5.846075,6.8754883,7.101793,6.3095746,5.7048707,6.2937016,5.1083126,5.107384,5.315009,5.3243227,5.158137,5.221995,5.7318926,5.052662,4.6291213,4.66336,4.867478,5.3393545,6.075193,6.4266844,6.4108,6.5520353,5.9609346,7.6019998,8.243319,8.331284,8.305507,8.171547,8.071175,8.074364,8.109818,8.097423,8.019655,7.958993,7.945001,8.000134,8.053255,8.0522375,8.092319,8.033302,7.9655385
8.514065,8.558604,8.565661,8.455493,8.367852,8.117359,7.3981013,6.4210234,5.327129,4.7201858,5.829911,6.681413,6.1636376,6.227454,6.096247,6.2512045,7.809059,7.2957935,6.737763,7.0168295,6.66236,6.5952044,6.7746267,6.647947,6.363387,6.279531,6.3644147,6.812851,6.682017,5.0360417,6.3640966,8.156633,8.324858,7.5814238,7.558691,7.8410892,7.884895,8.088031,8.175566,7.948026,7.769863,7.7023015,7.7641835,7.8588104,8.084268,8.284775,7.6646805,6.1868687,5.2276173,5.0731783,5.025018,4.8802767,5.283526,6.46449,7.0178123,7.2714133,6.963167,5.947937,6.02952,5.272018,5.814637,5.936977,5.7363777,5.2052584,5.1762667,5.440675,5.0606995,4.6380105,4.8070574,4.7156796,4.531584,5.0308113,5.9868402,6.5399914,5.8262053,5.0450025,6.815265,7.630393,8.194075,8.518361,8.440438,8.337554,8.332312,8.373955,8.386196,8.309373,8.244696,8.169869,8.174941,8.225914,8.246796,8.251075,8.249905,8.201753
8.700554,8.649169,8.552849,8.3433485,8.212337,7.7615557,6.5135446,5.6246867,4.794277,4.071764,4.685845,6.3623295,6.2898545,6.1530323,5.499502,7.0290666,8.7544,7.557713,7.3334293,7.6573434,7.035547,6.7207236,6.9342675,6.1640096,6.3200016,6.3828926,6.611951,6.9128575,7.114506,5.1304235,5.898572,7.811061,8.101274,7.66302,7.575691,7.8121448,8.0131645,8.104063,8.175698,8.116084,7.998797,8.017782,8.193904,8.337486,8.529775,8.543992,8.286342,7.3036575,5.844277,5.180362,4.833729,4.809448,5.718328,6.607547,7.2857556,7.5383487,7.3472633,6.5940723,5.640786,5.3717613,6.0429754,6.163779,6.085182,5.452036,5.2295914,5.5547442,5.404965,5.088421,5.1608915,5.1472106,5.163394,5.0643344,5.2213483,6.0294576,6.4697356,6.2560654,6.0613637,5.9196224,6.998435,8.432628,8.704809,8.660669,8.601632,8.592357,8.558446,8.562578,8.523542,8.471689,8.412396,8.410313,8.438142,8.417102,8.3953085,8.38849
8.95253,8.768089,8.530822,8.215993,7.933367,6.6547685,5.4235597,4.945912,4.1739106,3.886361,4.187636,5.6164446,6.013689,5.919633,5.4556193,6.530471,7.251648,6.4448524,6.2580237,6.9803634,7.4484534,6.7508698,5.848643,6.304852,6.975397,6.9482784,6.785099,6.5659566,6.914677,6.045591,5.4240637,7.0410557,7.603258,7.6164737,7.433717,7.5658813,7.7935433,7.9564223,8.223598,8.389922,8.34225,8.323358,8.474404,8.6327305,8.65115,8.593239,8.48358,7.8365903,6.514762,5.838013,5.116471,5.0159035,5.6420326,6.06374,6.962069,7.6257486,7.701447,7.4335556,6.555731,5.46755,5.7086143,6.453481,6.5733795,5.8084526,5.134624,5.1091084,5.649057,5.6110783,5.463129,5.003758,5.6910653,6.0423937,5.495969,5.27201,5.9919395,6.747137,6.303456,5.916089,6.673071,7.798556,8.726524,8.910075,9.009177,8.971188,8.949741,8.923406,8.911165,8.827637,8.753839,8.693957,8.694399,8.656894,8.643375,8.609433
9.241304,8.926349,8.531498,8.07253,7.198968,5.384264,4.656038,4.3395185,4.198391,3.6830182,4.1494265,5.1934066,5.482383,5.09577,5.5338902,6.588051,7.0606966,5.8361635,5.514469,5.720015,5.7633367,5.3247595,5.7594357,7.1144614,7.1477475,6.9929447,7.067359,6.2245026,6.2787776,5.325646,5.2678847,5.7762094,6.8717675,7.547016,7.7121024,7.843891,7.905817,7.9263053,8.058959,8.281991,8.477079,8.614633,8.663345,8.559557,8.421037,8.552812,8.545591,7.82658,6.6020784,6.1597195,5.898571,5.7030864,5.565416,5.5448046,6.203182,7.345339,7.8672433,7.8509436,7.3522635,5.794344,5.7393517,6.726256,6.6770425,5.814599,5.527813,5.0504537,5.4258704,5.539768,5.6698227,5.60288,5.3192673,5.9972534,6.1785045,5.5955915,5.3044777,6.0349355,6.3465896,6.3223863,6.3770447,7.833295,8.662626,9.091221,9.396285,9.387057,9.313106,9.325957,9.340766,9.292059,9.2339525,9.203831,9.18768,9.1593895,9.121048,9.067114
9.499728,9.092544,8.527797,7.8992367,6.6187544,4.4604087,4.001353,4.2994375,4.0965705,4.0627737,4.1752114,4.552978,4.1890755,4.940705,6.4288397,6.1725497,6.4350657,6.601812,6.381129,5.85914,5.392069,4.8655143,5.9456887,7.1024218,6.6631227,6.362453,6.7488103,5.6715307,5.936368,4.6712055,5.6710987,5.3078833,7.118148,7.601972,8.152461,8.182648,7.9795303,7.8311067,7.8206472,8.037025,8.226843,8.327932,8.305857,8.2706,8.29889,8.505455,8.666957,8.410349,7.6835213,7.1024384,6.7267175,5.9625287,5.4508467,5.583875,5.6818476,6.6191792,7.7528133,8.101438,7.690135,6.5454807,6.3379173,6.912451,6.827629,5.922931,5.822374,5.45527,5.345504,5.3306956,5.9098167,6.2218776,5.681656,5.7057395,5.629577,5.660139,5.560508,5.3803506,5.7117405,6.7079105,7.5029116,8.437287,8.865871,9.129215,9.667533,9.834537,9.791428,9.762501,9.753903,9.745391,9.742307,9.751645,9.71047,9.6367855,9.566906,9.531014
9.712109,9.266713,8.529963,7.5056534,6.025177,4.389773,4.153101,4.1927724,4.058701,4.6034966,4.7887564,3.805997,4.963951,6.2504907,7.0670195,6.2261314,5.677677,6.942669,6.729212,6.5877066,6.332257,5.131416,4.833141,5.2578773,5.6281614,5.605417,5.831501,5.6886353,4.9752736,4.523293,6.0790014,5.859707,7.449835,7.4857903,7.693825,7.763721,7.704965,7.722727,7.68858,7.7832656,7.8633385,7.9482303,8.04914,8.132933,8.335101,8.621924,8.745357,8.653262,8.494429,8.310651,7.854468,6.8387327,6.290363,6.022885,5.6053166,5.727632,6.89499,7.754632,7.603648,7.441116,6.9550877,6.83439,6.852129,6.5769353,6.221938,5.701879,5.729969,5.608759,5.617821,5.7589636,6.134304,5.786263,5.467435,5.1189523,5.28927,5.296456,5.245021,6.0748596,7.6734195,8.802589,9.020827,9.15489,9.687403,10.184416,10.286357,10.313625,10.278561,10.2691765,10.257811,10.237241,10.156169,10.028206,9.965375,9.938737
9.906059,9.492845,8.54458,7.0068645,5.548112,4.2915773,4.4873395,4.5576677,5.03999,5.4180408,4.500183,4.1807947,5.3296046,6.3279414,6.698872,6.635175,6.489176,7.566889,8.167437,7.018121,6.590096,6.032282,5.05805,4.8800464,5.8634195,6.4602876,6.0734825,6.0584555,5.5479164,5.9113894,6.8835974,6.0003905,7.398163,7.307973,6.8838983,7.1143694,7.3366838,7.2955227,7.39168,7.709619,7.9987984,8.217042,8.297891,8.30623,8.404499,8.712621,8.838991,8.771146,8.736678,8.602507,8.231876,7.1734905,6.350139,6.0170784,5.854691,5.8573365,6.860023,7.218889,7.381301,7.711193,7.3635216,6.803999,6.5960665,6.7532916,6.4558935,6.3754807,5.8070908,5.6368294,5.7198553,5.8446145,6.2874503,5.867424,5.4693494,5.0371394,5.0945587,5.0942736,5.446929,5.610479,7.248542,8.762214,9.000824,9.144719,9.5110035,10.163237,10.513508,10.656831,10.655067,10.701272,10.656487,10.661687,10.62352,10.501829,10.332909,10.318629
10.120767,9.722723,8.316638,6.3742585,5.205893,4.837357,4.4814963,4.852281,5.544851,5.246247,4.2539434,4.256063,4.8765974,5.4768143,5.8006506,5.709784,6.0071416,6.9147234,7.1790977,6.080254,5.5653305,6.3607097,6.154897,5.5670614,5.8221188,6.1586003,6.0434027,4.665731,4.406416,6.63258,7.482514,6.253725,7.1306963,6.68139,6.163122,6.344279,6.768589,7.0056663,7.2366695,7.589773,7.9435983,8.206727,8.348135,8.446532,8.569485,8.791409,8.912678,8.869848,8.797296,8.54978,7.697095,6.5240226,6.180043,5.9925027,6.0511136,6.215439,7.1218424,7.7324,7.908892,7.886265,7.7598715,6.900957,6.0877833,6.9392796,6.984659,6.862523,6.095646,5.518403,5.4484305,5.703461,6.082085,6.437296,5.920494,5.583674,5.28183,4.9600215,5.2466874,5.5154824,7.112559,8.265686,8.7981415,9.185681,9.411604,9.878959,10.298392,10.4606085,10.462584,10.538236,10.670488,10.896337,10.965569,11.028868,10.811981,10.594119
10.377257,9.893782,7.679258,5.452096,5.7674236,5.513278,4.9493237,5.941868,5.889994,4.4585605,3.8147204,4.2994432,4.912041,5.4886565,5.998931,5.3714466,5.285207,5.713007,5.615478,5.3542304,4.7602377,5.237601,6.3383093,5.8580394,4.9463277,4.614345,4.8760686,4.314766,4.221625,5.6147165,6.6330566,6.699531,6.494219,6.1032376,6.008773,6.193712,6.633812,7.0666237,7.2829704,7.4627404,7.7491765,8.011235,8.217603,8.389227,8.530674,8.758051,8.96853,8.915005,8.803182,8.662984,8.138688,7.500534,7.095361,6.2212615,6.2394733,6.7178645,7.492751,7.959388,8.01205,7.887734,7.739047,6.92021,6.511227,6.9635134,6.2254233,6.0592012,5.8102083,5.5984364,5.4487367,5.5216255,5.839472,6.5675225,6.784458,6.4276175,5.898242,5.4035187,5.694472,6.0280905,7.0997076,7.920435,8.627045,9.200412,9.410602,9.7057905,10.005908,10.161673,10.113975,10.090132,10.242524,10.558129,10.777162,11.000746,10.905179,10.615153
10.762242,9.761032,6.030848,4.5830007,6.303635,5.5281205,5.3526106,6.322692,5.5334406,3.937799,3.4198046,4.107653,4.4156647,4.860055,5.8580494,5.7951827,5.096882,4.651769,4.6128464,4.635322,4.1766143,4.473011,5.950306,5.9644027,5.0278234,4.8277936,4.474851,3.8471675,3.255172,4.0804524,7.10786,7.2601576,6.4003477,6.618034,6.7410727,6.7376046,6.9511237,7.176025,7.3212657,7.475559,7.6627364,7.8256655,7.961753,8.081747,8.270109,8.566983,8.778157,8.799661,8.74715,8.725066,8.56086,8.305397,7.9790936,7.2179418,7.1860924,7.62461,8.049839,8.198624,8.119129,7.973517,7.7321978,6.9001737,6.5964828,7.151369,6.3356533,6.0839157,6.8948436,6.168402,5.6796656,5.564727,5.583766,5.992398,6.7267613,6.7763023,6.0877395,5.8612895,6.747536,7.304463,7.5347214,7.7845874,8.501764,9.009531,9.408496,9.664199,9.919643,10.125332,10.094854,10.053231,10.07871,10.210286,10.409944,10.612972,10.743377,10.67144
11.041953,9.260755,5.1580987,4.363448,6.2813644,5.777362,6.1165733,6.122348,4.8112364,3.7169778,3.4317143,3.6735065,4.0121613,4.3173776,4.8111873,4.7355356,4.6419954,4.4850807,4.579579,4.776512,4.2827396,3.68453,5.4548244,6.2731175,5.217505,5.3855567,4.851497,4.210546,3.7064326,4.1640663,4.9756823,7.281595,6.5906105,6.6802435,6.9207883,7.173132,7.176328,7.184079,7.3260283,7.5228767,7.6498055,7.6828156,7.760059,7.9613943,8.267871,8.545651,8.753035,8.863572,8.751761,8.67826,8.51697,8.283655,8.371519,8.356819,8.227058,8.227763,8.355614,8.402954,8.371968,8.287416,8.074125,7.4437943,7.3798223,7.9394636,7.667729,7.60091,7.9227433,7.2692633,6.322959,5.663022,5.6210523,5.8273554,6.2968125,6.7832365,6.1997204,5.9351234,6.891392,7.5669127,7.0401754,7.2768874,7.802566,8.453119,9.245504,9.707745,9.951219,10.220131,10.257747,10.203983,10.17402,10.229366,10.339122,10.498453,10.708481,10.803132
10.996546,8.438227,4.9634023,4.273707,6.215782,7.175118,6.0268917,5.0701985,3.996197,3.5858386,3.5883791,3.3736367,3.7084646,4.186032,4.437525,4.297969,4.564142,4.896661,4.871765,4.7192297,4.3145924,3.5336275,4.509815,6.2451715,4.700587,4.861546,5.113104,4.9265985,4.4622626,4.2276225,4.891667,8.343771,7.5288234,6.354827,6.5866065,7.2779555,7.3435807,7.2153697,7.2838883,7.4659753,7.6141996,7.8286886,8.072793,8.286728,8.494388,8.71029,8.906841,8.846891,8.649323,8.568916,8.433473,8.314728,8.144853,8.365751,8.435105,8.43188,8.38587,8.444197,8.577596,8.520189,8.471366,8.375543,8.254109,8.3600235,8.456859,8.269529,8.352892,8.012101,6.7880306,5.836411,5.8629932,5.902433,6.124747,6.766954,6.427572,5.8969398,6.411094,6.7388287,6.480311,6.225786,6.7548695,7.5375576,9.019349,9.68603,9.973015,10.131571,10.247945,10.308709,10.25054,10.218544,10.268363,10.400678,10.6342,10.85896
10.814321,7.7300005,4.553877,3.7840405,4.449043,6.4732094,6.045574,4.6170964,4.118157,3.6528947,3.8036907,3.5021884,3.4689646,3.7643585,3.9771166,4.0784664,4.6632867,4.914533,4.6503334,4.4570947,3.993894,3.3784003,3.6314065,5.7377715,5.188196,4.9978695,5.405778,5.5389996,5.0746675,4.872039,5.539361,8.689263,8.142335,6.7285757,6.8027945,7.330319,7.499407,7.529105,7.5753202,7.740294,7.9204364,8.211824,8.440332,8.570306,8.683173,8.790179,8.835286,8.635791,8.587917,8.576492,8.574562,8.570033,8.140661,8.364227,8.494537,8.553272,8.5250845,8.624709,8.778522,8.711969,8.735176,8.728102,8.646656,8.6156225,8.675728,8.722316,8.749963,8.485766,7.541805,6.7320423,6.228922,5.9267645,6.053011,6.3492284,6.6291814,6.0568748,5.8219504,6.0374436,6.0694814,5.9160805,5.7716103,6.5597324,8.278671,9.2224045,9.752901,9.772672,10.1497135,10.235297,10.210609,10.199288,10.221302,10.269779,10.485802,10.756959
10.973371,7.342919,4.217134,3.9618065,4.5547123,5.167909,6.0012417,5.6440344,5.0108166,4.0839033,3.6357577,3.5881696,3.6125026,4.0704317,4.4769464,4.6336656,4.8763223,5.200941,4.3054285,4.298425,3.873332,3.2510548,4.300959,6.032518,7.167128,6.7810645,6.916763,6.600673,6.1074867,6.033614,7.263648,9.600276,9.802432,8.537255,8.200832,8.054227,7.7635636,7.838439,8.022281,8.2894,8.522139,8.6251,8.605668,8.620388,8.729683,8.770925,8.712533,8.557926,8.58859,8.71652,8.700973,8.669761,8.456482,8.44091,8.506046,8.614119,8.712457,8.735679,8.74068,8.68967,8.765052,8.768474,8.7302685,8.744659,8.681415,8.718182,8.804424,8.958447,8.952878,8.457862,6.970855,6.150391,6.060158,6.2335677,6.5161605,6.1661453,5.8507,5.7909355,5.983504,6.164202,5.888596,5.8980136,6.678803,7.417415,8.106086,8.472422,9.464276,9.986418,10.180586,10.216299,10.291798,10.33164,10.439287,10.643537
10.871381,7.2551394,4.5538063,3.9724503,4.1242294,5.091105,5.5766945,5.754102,5.3441644,5.1425796,4.0821366,3.8911936,4.3094983,4.898951,5.0295424,5.7874627,6.1319704,6.218969,5.309188,4.208738,3.9231577,3.4831116,5.3836436,7.941207,8.058272,7.401834,8.570096,8.177421,8.312391,8.433138,9.078173,10.81621,10.836714,9.604142,8.665525,8.2940445,8.133399,8.27981,8.591694,8.758075,8.864272,8.915738,8.943679,8.92398,8.916649,8.900634,8.76257,8.649559,8.775271,8.827492,8.582019,8.472544,8.451162,8.470102,8.429722,8.5286,8.579955,8.560116,8.545357,8.52891,8.892833,9.008321,8.841029,8.873083,8.786866,8.68253,8.662035,9.001778,9.393341,9.321098,7.571066,6.5387306,6.511799,6.4570875,6.6686106,6.543195,6.2540765,6.242951,6.419472,6.6211243,6.185977,5.7184362,5.728173,6.019329,6.0907097,6.4481964,7.199987,9.31801,10.186229,10.332696,10.380467,10.45092,10.577278,10.680785
9.769654,6.848498,4.712816,3.9808488,3.9459963,4.9039783,5.5903187,5.443525,5.434954,5.9636374,4.8176203,5.079444,5.7160892,6.0896173,5.9784417,6.5900106,7.175346,6.991166,6.2229304,5.1970177,4.1444664,3.8048944,4.754202,6.796944,7.392094,7.552933,8.79376,8.885761,9.048844,9.306034,9.866694,11.309651,10.313074,9.03509,8.418486,8.375386,8.3616,8.74806,9.003211,9.003894,9.01711,9.10802,9.227147,9.287963,9.260216,9.107402,8.8145275,8.75104,8.905086,8.87445,8.698323,8.667783,8.662766,8.638883,8.65137,8.58892,8.518241,8.551209,8.556607,8.652093,9.293403,9.702665,9.244731,8.914754,8.911174,8.812629,8.5899515,8.950026,9.338111,9.679391,9.348554,8.22935,7.871207,7.378086,7.1418233,7.1448197,7.063243,6.8934994,6.6413093,6.7665224,6.6216393,6.533858,5.8755226,6.055999,5.885046,5.898946,6.2561116,7.8275075,10.101009,10.6126175,10.593671,10.6237135,10.681931,10.792235
9.068974,6.311391,4.030875,3.6929452,4.316375,4.3165617,5.086018,5.203968,5.3892555,5.9566574,5.648116,5.3352304,5.934465,6.5525794,6.801845,6.7678795,6.6580386,6.688475,6.0972877,5.5360045,4.4254355,3.7061248,3.781642,5.859879,7.3187933,7.7052,8.860963,8.320115,8.752867,8.92787,9.827054,11.176764,9.819758,8.842453,8.632025,8.656752,8.538468,8.830592,8.995015,9.039691,9.080928,9.121631,9.13755,9.093667,9.120474,8.965602,8.707549,8.822057,8.948563,8.9150715,8.895201,8.847007,8.689804,8.762268,8.8566885,8.759862,8.739967,8.702156,8.688553,8.898387,9.692292,10.062164,9.469937,8.843453,8.748768,8.841705,8.667194,8.841565,9.039212,9.266216,9.536388,9.555541,9.500369,8.931743,7.989726,7.660867,7.4408884,7.1550384,7.310292,7.268659,7.266134,7.030271,6.572198,6.350442,6.020119,5.8842387,6.267361,7.923014,10.01946,10.722567,10.840532,10.852389,10.896776,10.948797
8.781738,5.423238,3.8034525,3.8020244,4.5510488,4.689455,4.754967,5.4105535,5.7196045,6.01412,5.991098,5.715131,5.427661,6.2761865,6.472182,6.021115,6.058398,5.7287345,5.2854595,5.2016425,5.0310564,4.6670356,4.081636,4.2818203,5.7144666,8.324205,8.395261,6.617427,8.246513,8.965109,9.207446,9.989914,9.322544,8.830786,8.469569,8.081703,8.257416,8.76474,8.922453,8.961657,8.982821,8.999003,8.901698,8.777974,8.739352,8.549165,8.609497,8.843671,9.019725,9.050832,9.0247965,8.922186,8.765801,8.92596,8.900281,8.791933,8.799858,8.835036,8.768624,9.00604,9.867593,10.092191,9.431657,8.7637005,8.592019,8.650421,8.676999,8.822522,9.0884075,9.237328,9.223962,9.463838,9.537378,9.599119,8.637731,7.631841,7.5511894,7.6176457,7.5242314,7.460589,6.95938,6.278316,6.020545,6.2617865,6.2821646,6.0277824,6.093679,7.75586,9.791389,10.648601,10.876319,10.985968,10.9812355,11.041408
8.399362,5.8571386,3.7853606,3.7155285,4.0029984,4.2085176,4.9338775,5.9983697,6.2918253,6.1801414,5.6874967,5.4522376,5.1170406,4.9816236,5.0991383,4.7034016,4.9244137,4.8018913,4.2345037,3.985151,4.8945837,5.4665008,4.289049,3.6769662,5.6119924,8.64436,8.12913,6.083451,6.972311,8.644313,8.453761,9.057567,8.874403,7.979752,7.7715034,7.7332554,7.693973,8.489119,8.631306,8.722621,8.665483,8.623974,8.679413,8.662209,8.612306,8.559706,8.667849,9.033644,9.287553,9.216265,9.106807,9.081197,9.098866,9.026868,8.8189335,8.848106,8.850321,8.744746,8.72678,9.213795,9.963661,10.014076,9.126341,8.476212,8.402787,8.175991,8.520558,8.911253,9.486613,9.633027,9.470533,9.393425,9.263066,9.651416,9.871239,9.631405,9.615845,9.4285965,8.358053,7.3713193,7.061971,6.627569,6.035178,6.085294,6.3421073,6.150571,6.12149,6.6631966,8.679799,10.195549,10.781236,10.912109,10.925633,11.03182
8.218652,6.1208873,4.1601324,3.5702124,3.8244588,4.5534124,5.613668,6.2118793,6.200885,5.733927,5.2881827,5.058264,4.6533074,4.4700856,4.082078,3.4421892,3.877995,4.8785353,4.914716,4.1725993,4.1541862,4.9662237,4.705924,4.513615,5.459946,8.238437,8.649898,6.128838,5.2100153,7.7275043,8.319821,8.282742,8.507562,7.533057,7.41784,8.136444,7.9194517,8.474877,8.475735,8.586559,8.599675,8.567639,8.710364,8.593322,8.546769,8.823946,9.087755,9.306628,9.254946,9.041471,8.962603,9.06185,9.069242,8.875003,8.658234,8.656692,8.704665,8.613729,8.650731,9.131281,9.935539,9.910101,8.667592,8.2629175,7.84223,7.2373114,8.360709,9.288512,9.761543,9.790495,9.479638,9.457554,9.215733,8.983849,9.041491,8.643,8.380275,8.767375,8.69702,7.8231435,7.5819874,7.2615013,6.577009,6.351765,6.5174603,6.258983,6.149007,6.1351767,6.539385,7.99181,9.4306135,10.315237,10.739864,10.838709
8.166344,6.395133,4.463738,4.0411634,4.094742,4.78557,5.087598,5.7500286,6.1440964,5.3209233,4.8151817,5.1125784,4.4661307,4.0032835,3.9786842,3.620321,3.912606,4.2884827,4.334089,5.341047,4.868438,4.3443704,4.368008,5.4273186,6.90678,8.672639,7.5782633,5.55169,5.8980455,8.848775,8.235719,8.172473,8.343072,8.021347,8.097982,8.617491,8.580384,8.666655,8.669512,8.606856,8.580697,8.765283,8.788996,8.479669,8.713038,9.130136,9.319772,9.142684,8.936773,8.775844,8.674586,8.623428,8.588178,8.509749,8.449396,8.43054,8.428705,8.446946,8.3976145,8.636114,9.690622,10.008436,9.429991,8.714857,7.81371,6.784141,7.517231,9.183229,9.972412,10.007678,9.583597,9.602201,8.784516,7.834438,7.7614164,7.043695,6.654984,6.9525237,7.420661,7.3817596,7.4713407,7.4629064,7.225568,6.9248734,6.7563972,6.604877,6.301191,6.17778,6.0557866,6.2725344,6.736542,7.6207,9.010669,10.27426
8.1591625,6.7676334,4.6465,4.318956,4.607721,4.976679,5.070376,5.9160795,6.453101,6.2776756,6.046774,5.3649206,4.559114,4.225424,3.9818208,3.8714156,3.8498852,4.142112,4.228432,5.541403,5.869321,5.5034375,5.1586723,5.4045005,7.5202556,9.330444,7.1565204,7.0756574,7.9469337,9.092981,8.140262,8.461747,8.605681,8.915122,8.915283,9.041819,9.135856,9.093825,8.9683895,8.824756,8.806354,8.88989,8.570724,8.406653,8.961691,9.37423,9.0399,8.77271,8.700669,8.666957,8.40889,8.037786,8.334002,8.418745,8.195852,8.240511,8.307052,8.2882805,8.1091385,8.024608,8.715766,9.547811,9.673035,9.187386,8.346988,7.195823,7.4893904,9.28629,9.9962845,10.087316,9.858745,9.414027,8.092925,6.812215,6.650488,6.640424,6.5812554,6.7271523,6.7717366,6.832761,7.0029917,7.376461,7.3882513,7.2201304,7.145204,7.105584,6.934859,6.6719956,6.132706,5.901214,5.8205376,6.1421924,6.673897,7.7954946
7.8966317,6.84128,4.9723854,4.2693353,4.6253133,4.8896637,5.3525867,6.4310546,7.191229,7.2859,7.2787056,6.491775,5.8379073,5.3557777,4.2663884,4.0349493,3.9659953,3.955187,4.5372458,5.8535805,6.4767423,7.0331078,6.9829144,7.8717093,9.76875,10.311666,7.9728765,8.90462,8.729662,8.88195,8.941154,8.826831,8.723354,9.161936,9.433648,9.455921,9.453018,9.287894,9.19925,9.083785,8.999091,9.065668,8.700547,8.410052,9.029743,9.294241,8.79669,8.755026,8.791814,8.770432,8.4810915,8.256343,8.369647,8.451567,7.806107,7.877951,8.303456,8.016696,7.4207096,6.993839,7.152523,8.223206,9.121995,9.111689,8.375428,7.704836,8.333674,9.259855,9.539378,9.432803,9.337934,8.75303,7.35576,6.60393,6.554642,6.40955,6.2368174,6.265374,6.369066,6.4739556,6.61844,7.061695,8.107095,8.295193,7.317531,7.0318675,7.06824,6.9917035,6.6830087,6.3237557,5.955684,5.743139,5.9943004,6.15425
7.708582,6.5464544,4.7444067,3.8994403,4.0496426,4.7441916,5.3459334,6.2568936,6.7052584,6.276595,6.448194,6.1945066,5.822395,5.343858,5.1400304,4.5275593,4.0165663,4.172593,4.926247,6.1784296,6.4754596,6.6341567,7.2533174,8.228539,10.189048,9.990035,9.116539,9.05346,8.883557,8.951709,8.836812,8.698151,8.695628,9.254898,9.667213,9.734046,9.720562,9.580186,9.371496,9.208015,9.217903,9.4471245,9.2093115,8.697431,8.803432,8.818702,8.468798,8.715979,8.850914,8.7361,8.628885,8.497119,8.154585,8.030484,7.489916,7.1778035,7.715668,7.2300224,6.7171807,6.5182457,6.20599,6.557453,7.613825,7.224645,7.351932,7.6636753,7.849653,7.9883795,7.8300223,7.496954,7.178008,6.649543,6.3120785,6.2356687,6.196522,6.053986,5.8175144,5.938721,6.098622,6.330336,6.4609656,6.5504303,7.0044513,7.5922313,7.6544876,7.02474,6.823719,6.6408715,6.5611506,6.324752,6.0829816,6.030766,5.9562464,6.0200605
7.673062,6.350172,4.4611306,3.727693,4.0018277,4.43251,5.089307,5.562809,5.4858136,5.3005834,5.780032,6.6651497,6.582155,5.363375,4.46627,4.0476947,4.402413,5.163715,5.5442433,6.4912558,6.9911885,6.817632,6.5792623,7.760093,9.40978,9.422605,9.263826,9.103536,9.0080595,8.818822,8.75195,8.566736,8.524925,9.192895,9.665544,9.799023,9.825144,9.710633,9.480391,9.178967,9.141293,9.47689,9.397389,8.901912,8.576864,8.354142,8.4716835,8.735874,8.803926,8.649725,8.562451,8.557279,8.296892,7.943404,7.627912,7.319817,7.4266934,7.0757985,6.835302,7.0498967,7.4908967,7.8875356,7.6992126,6.9999685,6.9079304,6.7823176,6.239101,5.8825116,5.862797,5.81771,5.913403,5.9306903,5.960738,5.89125,5.6771064,5.707575,5.8632617,5.956661,6.0497394,6.1130676,6.410915,6.6431155,6.5166545,6.445365,6.2040806,6.4788446,7.34469,7.0095367,6.5450845,6.26627,6.192225,6.442922,6.726585,6.170111
7.2896733,5.8480697,4.419626,3.9311738,4.1126847,4.4795604,5.1326084,5.23716,5.1125097,5.340432,5.6264825,6.1985965,5.946096,4.9667015,4.334481,4.4503407,5.107102,4.7689157,4.532276,5.9339375,7.0446568,7.7664046,7.4549003,8.833063,9.582298,9.679624,10.086265,8.875411,9.122025,9.037072,9.00826,8.970502,8.888506,9.023758,9.506878,9.745773,9.679426,9.505357,9.337327,9.15059,9.161818,9.335921,9.282549,8.942257,8.663556,8.395929,8.468736,8.77742,8.746346,8.421735,8.292891,8.219369,8.326494,7.9993052,7.8464603,8.398421,8.986403,8.437703,8.069125,8.515277,9.229119,9.61553,9.413385,8.821301,7.862656,6.5775557,5.7804317,5.7281814,5.6821046,5.607493,5.661438,5.73333,5.844137,5.8986645,5.8650303,5.953626,6.0405135,6.150464,6.1733756,6.156193,6.269213,6.518528,6.435895,6.308175,6.2196856,6.027574,6.354168,6.7882447,6.4527597,6.4060264,6.284814,6.6302133,6.750843,6.315356
6.8622594,5.1737795,3.7573984,3.7300532,4.1831765,4.1731043,4.683199,4.656487,4.6056533,5.189016,5.8580713,5.971175,5.5908065,5.043704,4.628456,4.807775,4.6994376,4.311777,4.4290643,6.8720174,8.152387,8.917204,8.908677,9.939151,9.938827,9.617169,9.834821,9.060777,9.08732,9.038177,8.896996,8.957074,9.153327,9.090309,9.21883,9.404134,9.3328085,9.133891,9.12263,9.159345,9.18728,9.143967,9.051738,8.968447,8.827466,8.539544,8.455409,8.658428,8.614627,8.155532,7.659445,7.4325647,7.4739084,6.783177,6.936978,8.364377,9.084637,9.269862,9.378513,9.539716,9.760208,9.704435,9.382271,8.755873,7.4949512,6.2124066,5.685856,5.5164046,5.467143,5.398074,5.3995194,5.529424,5.8489885,6.1535754,6.0069637,5.9027824,6.03913,6.177953,6.221928,6.1697383,6.1556892,6.1680317,6.1035457,5.990284,6.1633615,6.289246,6.5503116,6.503521,6.3856273,6.4710264,6.4886937,6.2021093,6.262768,6.3774085
6.880219,4.729302,4.311927,3.7328956,3.6747377,3.8477085,4.01421,4.0462713,3.7897673,4.3222494,4.5757217,4.19212,3.9952831,3.8760579,4.143293,4.280163,4.4819045,4.302701,5.311264,7.9730597,9.793951,9.544877,8.944427,8.988507,9.022692,9.404667,9.502383,9.14211,8.8510275,8.723386,8.670842,8.604936,8.701184,8.7952585,8.873064,8.985845,9.086391,9.062149,8.999766,8.843178,8.767108,8.792382,8.84593,8.950487,8.833063,8.574247,8.452811,8.33635,7.9130955,6.8573737,6.104108,6.3146777,6.1815815,5.6780477,5.8594804,6.7919464,7.1994743,7.779153,8.871503,9.607148,9.754011,9.50533,8.419201,6.92199,6.0409617,5.6298065,5.3880234,5.2830715,5.2511916,5.2876925,5.3281236,5.4155626,5.5684476,5.6457253,5.636752,5.6916275,5.7484694,5.811345,5.826623,5.8693433,5.950509,5.9650908,5.9118905,5.8424377,6.0316167,6.361472,6.6063237,6.5648417,6.719466,6.9203434,6.725557,6.657834,6.5123267,6.172867
5.6087666,4.5342307,4.4251976,4.3368797,3.749526,3.328078,3.4398851,4.0443087,4.1980996,4.1442957,3.8762317,3.4648354,3.2068307,3.2784944,3.5380409,3.8199713,4.2248197,3.8042402,5.8970985,9.835779,10.703365,9.683243,9.191384,8.939823,8.902354,9.189073,9.229613,8.975536,8.629016,8.606516,8.859007,8.955302,8.773304,8.632187,8.675057,8.901681,9.153905,9.020244,8.61648,8.27793,8.312055,8.601363,8.858223,9.003011,8.780092,8.507225,8.354315,7.8266363,6.801307,5.893031,5.5614443,5.5250616,5.3344393,5.114764,5.135964,5.4445324,5.7544026,6.2441087,7.2348504,8.3464365,8.8346815,8.772841,7.2139444,5.5368485,5.378998,5.141048,5.062,5.0718985,5.1063075,5.1912913,5.273602,5.522817,5.882856,5.8186827,5.5343623,5.6297045,5.49058,5.372108,5.4128914,5.5705433,5.729369,5.80329,5.874189,6.084582,6.2551627,6.6006727,6.6242085,6.188291,6.2085066,6.5103593,7.121409,7.931831,7.2088337,6.4697347
3.962376,3.64228,4.072869,4.146449,4.0067782,3.7137437,3.8704135,4.4440236,4.8372974,3.983737,3.5693026,2.9089541,2.9250772,3.2559297,3.7413268,3.7976046,4.0332046,5.6154714,8.42033,10.710271,10.518773,9.865247,9.554031,9.473353,8.799963,8.790593,8.993559,9.036079,8.800621,8.923363,9.201772,9.229707,8.951121,8.778354,8.693714,8.65592,8.593998,8.398515,8.07766,7.851874,8.222168,8.740739,8.958636,9.006136,8.680557,8.33325,7.929143,7.193123,6.7074976,6.137193,5.2501936,5.0969424,5.103437,5.0025024,4.973455,5.0875683,5.304526,5.504655,6.129926,6.389098,6.52663,6.324961,5.447034,5.0212927,5.042495,4.9995184,4.9413505,4.8871393,4.8416014,4.954723,5.0253763,5.0939355,5.3047123,5.3732367,5.2642612,5.200351,5.1882315,5.2091503,5.2743216,5.438689,5.572519,5.6797066,5.760647,5.778158,5.6550064,5.5275936,5.633938,5.8567343,6.009359,5.7932577,6.23323,7.018923,7.697251,6.9527326
3.5967088,3.8485198,3.4975524,3.3753064,3.3530624,3.4432795,4.0484724,4.765314,4.294277,4.032051,3.8646524,3.3043902,2.7800224,3.1114135,4.377364,3.680363,4.561131,7.618415,8.941132,9.53616,9.767536,9.6249695,9.288999,9.132354,9.298301,9.654276,9.607539,9.415005,8.979251,8.889052,9.010124,9.07918,8.953538,8.713356,8.38342,8.30485,8.415311,8.43892,8.210537,8.052939,8.266703,8.523184,8.672758,8.722588,8.459622,8.038596,7.068206,5.579145,5.690614,6.4186563,5.0715966,4.828348,4.9742193,4.9831853,4.9381986,5.0302324,5.0818696,5.324665,6.0786567,5.787361,5.199921,5.026467,4.9189935,4.9089117,4.9505906,4.943573,4.9160075,4.8732905,4.839572,4.905978,4.9454627,4.9694924,4.9543943,4.8547754,4.856846,4.885336,5.03214,5.1432514,5.199125,5.2779903,5.4645653,5.5991225,5.5508933,5.447769,5.3896956,5.2945776,5.253915,5.4502053,5.620273,5.624755,5.5406046,5.926386,6.7718024,8.053774
3.5874891,3.2843287,2.8135874,2.9418256,2.8254194,3.277089,4.1320496,4.8498206,5.012272,4.429892,4.188342,3.4269798,3.1353106,3.8119557,4.05555,3.6960416,4.776184,7.7230797,7.4763327,8.422732,8.767075,8.753856,8.670209,8.837762,9.0626955,9.068316,9.092576,9.200696,9.024635,8.757981,8.653636,8.693448,8.614525,8.361337,8.21254,8.431028,8.782034,8.878159,8.436849,8.06404,8.030109,8.130815,8.285014,8.399749,8.318901,7.9474006,6.986701,5.398707,5.3013153,5.8627515,4.9834785,4.8915477,4.948135,4.9314146,4.8979473,4.987937,5.043073,5.158188,5.470837,5.5315704,5.1143727,5.0201354,4.922522,4.875218,4.812945,4.779174,4.810723,4.8590336,4.8905635,4.9133577,4.968882,5.052419,4.98774,4.90548,4.892745,4.943385,5.003005,5.123132,5.1694736,5.2589,5.413802,5.549459,5.6026173,5.520613,5.495356,5.406924,5.304601,5.2228556,5.335996,5.374259,5.3300133,5.3865523,5.579094,6.3026805
