6.6641936,6.75637,6.8215523,6.866838,6.904412,6.903933,6.890832,6.806624,6.67898,6.552502,6.41907,6.2752695,6.1194744,5.978253,5.8890586,5.878202,5.9255266,6.0132766,6.1044407,6.0516024,6.1895304,5.431253,4.846259,4.2927203,4.39792,4.4508505,4.7101502,4.5608406,4.055685,3.9193506,3.1726677,3.7567072,4.8758955,5.4258056,5.702163,6.188196,6.667157,6.8697557,6.6911116,6.024967,5.61781,7.01101,7.672585,7.1271996,6.9415298,6.3989987,6.067157,5.891879,5.753544,5.6840296,5.6481547,5.576028,5.4911933,5.4075775,5.3360486,5.237534,5.1100116,4.9751353,4.9069524,4.9319243,4.9311953,4.876002,4.7606244,4.54322,4.299218,4.10975,3.8993146,3.7162664,3.6009893,3.5823903,3.7220693,3.8599722,3.9384744,4.0395317,4.2528973,4.4667764,4.624629,4.787057,4.9448857,4.965199,4.9953237,5.1246057,5.190868,5.168325,5.076307,4.90273,4.7629232,4.7232995,4.7064304,4.6872215,4.690329,4.6567745,4.618582,4.7201343
6.7337155,6.818385,6.881905,6.9241505,6.9587092,6.9459305,6.9282756,6.8358307,6.709022,6.571067,6.443931,6.309846,6.155418,6.0321665,5.9547043,5.935846,6.0306997,6.20133,6.455428,6.4436493,6.204296,4.620056,4.457558,4.351335,4.254079,4.536871,4.7737794,4.346566,3.7183607,3.5717769,3.480812,4.3434196,5.3579464,5.794487,5.7068076,6.2557178,6.6519194,6.9208293,6.9547415,6.707082,6.544403,7.5167603,7.6036305,7.1257153,7.007392,6.645498,6.208457,5.9804554,5.795554,5.6682005,5.5656834,5.4608145,5.335011,5.183093,5.0738063,4.950351,4.7942886,4.6674438,4.6101346,4.6305647,4.631473,4.5787334,4.4685693,4.268681,4.071437,3.9142025,3.7253358,3.561159,3.4107468,3.4345894,3.6998067,3.9270236,4.0617847,4.137138,4.2681885,4.406451,4.5655084,4.7769365,4.9324756,4.9113283,4.9945784,5.0992827,5.185026,5.1807046,5.074511,4.9032083,4.749921,4.628881,4.5232453,4.527344,4.588445,4.6149454,4.611438,4.7292275
6.7730384,6.848713,6.895726,6.943262,7.007234,7.0170255,6.9899163,6.904668,6.78391,6.633049,6.4960895,6.3555,6.1876793,6.0557523,5.9771576,5.9727592,6.154251,6.5006437,6.8556595,6.676365,5.6372547,4.585754,4.3006306,4.314867,4.379234,4.577876,4.4925265,3.9588897,3.5801435,3.422413,3.8967113,5.12567,5.9586563,6.156331,6.1835327,6.79014,7.001246,7.1145716,6.8986783,7.0745306,7.6063075,7.888386,7.670818,7.052457,6.811263,6.799603,6.3511944,6.092089,5.8383303,5.6432595,5.456431,5.2738667,5.1088376,4.929276,4.7964034,4.6654735,4.504652,4.3943696,4.349511,4.363454,4.3513656,4.3048716,4.2100945,4.054394,3.9264245,3.8001661,3.6585422,3.5183542,3.4080706,3.4876866,3.7081785,4.024119,4.240566,4.3180513,4.37943,4.478307,4.6820025,4.858224,4.930857,4.97623,5.042895,5.092905,5.118839,5.0805006,4.9900293,4.917554,4.860282,4.7144594,4.534965,4.477787,4.509537,4.562841,4.65852,4.78773
6.811961,6.8532906,6.900976,6.952333,7.0355463,7.099004,7.0807357,6.986988,6.884333,6.7517233,6.5917177,6.3938255,6.1807904,6.0219245,5.9434814,6.013453,6.348389,6.8340654,6.8685203,6.1237407,4.8724494,3.8191297,4.4428697,4.2173204,4.5534067,4.5706162,4.1993117,3.731785,3.3320823,3.2699976,4.419961,5.5601788,6.0878496,6.099411,6.2549877,6.6772175,6.468392,6.277857,6.6045203,6.79716,7.577936,8.00025,7.4559126,6.9020944,6.795548,6.857686,6.405302,6.147554,5.8471074,5.5921707,5.338013,5.0841155,4.8768635,4.703466,4.548754,4.387845,4.230583,4.1445208,4.130049,4.1525874,4.1271424,4.0870147,4.0290594,3.9332662,3.8484266,3.7534835,3.6423333,3.5748494,3.6051407,3.7070296,3.847913,4.165005,4.392043,4.6275053,4.6216235,4.728543,4.923656,5.039298,5.049682,5.0758824,5.103749,5.097228,5.082288,5.0280786,4.9551053,4.903408,4.920239,4.881535,4.741721,4.618723,4.573881,4.5916824,4.7112694,4.7823224
6.836703,6.869568,6.938417,7.012643,7.0905256,7.1541386,7.1626472,7.093602,7.022476,6.882589,6.7014966,6.451412,6.1887503,5.991517,5.8647904,5.9332666,6.4287024,6.7326627,6.4511023,5.5100946,4.364974,4.2737923,3.9197705,4.333132,4.7368784,4.5044594,3.8498454,3.476196,3.210602,3.9601781,5.218872,5.8084965,6.094032,6.103449,6.031638,6.5832953,6.303092,5.706451,6.302394,7.1861067,7.8355675,7.9566145,7.4159527,6.8833528,6.8167396,6.837194,6.3800864,6.1207204,5.8257113,5.5269504,5.2157245,4.918363,4.662485,4.4702125,4.2859206,4.11179,3.9886215,3.947035,3.978281,4.026271,4.0060244,3.9942102,3.975395,3.9338963,3.877959,3.7951663,3.6991816,3.7615466,3.890101,4.04717,4.1254683,4.4108315,4.645596,4.883749,4.9090753,5.0394964,5.1975336,5.2177963,5.203698,5.1926403,5.167587,5.1445675,5.1033955,5.0799274,5.046159,5.0159006,5.018071,5.0243497,4.9882708,4.85821,4.8127394,4.828083,4.877756,4.8805795
6.8324656,6.905809,7.0134144,7.103565,7.190706,7.2298465,7.252059,7.2379894,7.1879625,7.0452576,6.8801403,6.594704,6.300616,6.1005754,5.9127064,6.0389004,5.949546,6.330144,6.1027985,5.3909783,4.710305,4.1181197,3.5992062,4.623844,4.8084936,4.296039,3.637817,3.410601,3.6019332,4.863299,5.436984,5.658759,5.9734793,6.216322,6.116076,6.6447725,7.3586073,6.092454,6.236086,7.395676,7.913147,7.7823076,7.3053026,6.7332587,6.705422,6.7557716,6.244346,5.978741,5.7061615,5.3921537,5.066638,4.754971,4.471686,4.245888,4.023025,3.8488805,3.766622,3.7857912,3.8703635,3.940074,3.9668436,3.990141,4.0091205,4.0200286,4.002004,3.9062433,3.824903,3.9555457,4.1337976,4.231663,4.2384005,4.531286,4.9083104,5.079223,5.150926,5.2720613,5.4128714,5.453617,5.430192,5.3731546,5.29304,5.2316966,5.1616306,5.138222,5.1387653,5.128837,5.1103153,5.0928335,5.038471,4.991242,5.0113306,5.065695,5.10039,5.048583
6.852652,6.9367447,7.0940795,7.2182293,7.3048525,7.3442693,7.3814545,7.417327,7.382905,7.2426753,7.0726066,6.724424,6.420886,6.2056236,6.0063376,5.858527,5.4101977,5.8529468,5.6976295,5.460272,4.886239,3.948872,4.278575,4.680036,4.603391,4.069602,3.5130825,3.4061043,3.9883962,5.12237,5.3721833,5.365644,5.812658,6.382982,6.3928785,6.5227513,7.309712,6.1826463,6.563959,7.3207045,7.3375764,7.2071943,7.05429,6.6108418,6.452763,6.5277066,6.098407,5.7933598,5.5072565,5.213441,4.916639,4.602651,4.3019786,4.0547323,3.8248625,3.66891,3.6076028,3.6521497,3.7627935,3.8774412,3.9460073,3.9675066,4.0232286,4.0740166,4.0715256,3.9889314,3.9475095,4.1185117,4.2921777,4.38364,4.4456277,4.78843,5.068055,5.1985807,5.3287024,5.4562197,5.5418386,5.606048,5.583517,5.5161815,5.4196124,5.313205,5.203687,5.153793,5.171088,5.170509,5.1255174,5.0832953,5.040153,5.0478387,5.0891743,5.181995,5.2297845,5.1443915
6.9541664,7.0317407,7.1894994,7.3401103,7.450792,7.512586,7.5621767,7.610301,7.574747,7.4549727,7.371125,6.9152856,6.5233026,6.367331,6.231986,6.0365252,5.7119017,5.3059225,5.1158943,5.1012397,4.4380455,4.404352,4.9520855,4.77666,4.414114,4.073964,3.572404,3.4928753,4.328784,5.1988935,5.2294626,5.0738807,5.682222,6.4919367,6.401973,6.397658,7.1913514,6.32576,6.6346464,7.0607047,6.962799,6.746504,6.5461936,6.3030796,6.09357,6.1319613,6.008985,5.645826,5.3133955,5.038587,4.76645,4.4693246,4.1727552,3.9303246,3.7493515,3.6612442,3.6052592,3.6356564,3.7493849,3.8620605,3.8876266,3.8888967,3.9588225,4.015801,4.003994,3.9466698,4.0257363,4.253888,4.3863153,4.603232,4.677417,5.1150265,5.1229568,5.2847376,5.426512,5.537725,5.604892,5.6713753,5.619769,5.5476418,5.485522,5.3731513,5.2323523,5.164625,5.196872,5.204966,5.141682,5.0871525,5.0695896,5.0657306,5.12228,5.1972895,5.2639956,5.2162404
7.0870247,7.204698,7.3545403,7.5286055,7.6550055,7.7225976,7.7913175,7.849457,7.802283,7.652134,7.376844,7.1393957,6.7323556,6.4935937,6.3335166,6.3484783,5.521206,5.497547,5.660282,4.8223157,4.192769,4.7269583,5.0069222,4.868137,4.211128,3.9623296,3.6504374,3.7257743,4.5265083,5.273035,5.1687703,5.012637,5.447217,6.333988,6.119601,5.715213,7.1905565,7.8175626,7.450656,7.173391,6.7858863,6.439708,6.1606064,5.9637957,5.844548,5.6909423,5.4960694,5.3754745,5.3149834,5.0993295,4.7773705,4.459793,4.184051,3.957692,3.8002577,3.733691,3.7438817,3.788304,3.8368177,3.8798645,3.8444095,3.805846,3.8434846,3.9074552,3.997396,4.0290847,4.1343765,4.2198515,4.211334,4.5641685,4.5300655,5.1306906,5.204704,5.362338,5.498569,5.6189213,5.6934295,5.734821,5.6789775,5.558589,5.534431,5.46379,5.3417964,5.226997,5.206832,5.2483497,5.235354,5.1733165,5.1358833,5.1153097,5.1477723,5.1638246,5.1967506,5.2268343
7.209209,7.401741,7.5585914,7.7729187,7.975463,8.082691,8.1150055,8.146292,8.06467,7.821472,7.389047,7.099613,6.7948546,6.442598,6.32344,6.439597,5.865154,6.7464395,6.120317,4.660211,4.5234194,4.9842286,4.898664,4.623692,4.2167044,3.9905603,3.6745381,3.948547,4.4990244,5.2470613,5.3941875,5.4181743,5.395956,5.8043427,5.8526177,5.453337,6.939532,8.534961,8.175681,7.570398,6.8970394,6.345884,6.0398297,5.846434,5.728727,5.508461,5.2586565,5.1587543,5.267429,5.183887,5.0031624,4.776694,4.48521,4.2071786,3.9890468,3.8340354,3.894058,3.9404933,3.9172246,3.9237971,3.8656974,3.8109684,3.8335993,3.9857614,4.183805,4.165285,4.136419,3.903005,3.8386939,4.140133,4.082822,5.0191684,5.289607,5.384956,5.4965158,5.6750665,5.8140173,5.800712,5.6968126,5.553529,5.505497,5.5006905,5.419914,5.307257,5.2560043,5.3016887,5.3188734,5.263654,5.221864,5.225949,5.2492833,5.1977863,5.208846,5.34759
7.340842,7.586135,7.7999263,8.05652,8.345085,8.52237,8.513663,8.490805,8.35609,7.9047446,7.588214,6.9602838,6.5783453,6.2423053,5.915235,5.55179,7.4039965,6.901815,5.923171,5.1764154,5.098775,5.2862735,5.0665736,4.5456457,4.17537,4.111496,3.9745917,4.3619056,4.917561,5.4635673,5.759697,5.8507867,5.727123,6.0861115,6.5222983,6.5554023,7.1468577,8.076688,8.178643,7.6935296,7.154211,6.6847277,6.3833594,6.0982704,5.799766,5.5102987,5.1722794,4.74632,4.5614476,4.469994,4.5943213,4.816716,4.625984,4.2771797,3.9052174,3.697876,3.8306737,3.9059467,4.0490217,4.038101,3.9568226,4.0014253,3.9829729,3.9701152,3.5965607,3.5862482,3.5923612,3.627011,3.6387904,4.1175222,4.2861,4.9946303,5.2994857,5.368821,5.43646,5.5820017,5.811653,5.878424,5.7818,5.6281667,5.556266,5.4966316,5.4699173,5.396209,5.3323574,5.37606,5.383226,5.3215394,5.265652,5.317007,5.353449,5.360385,5.3773675,5.4901023
7.510963,7.8213677,8.124227,8.421532,8.769276,8.940187,8.92111,8.837746,8.582783,7.982699,7.4995093,6.565963,6.0876875,5.88893,4.9681315,5.7294555,5.990957,5.689112,5.599135,5.639821,5.4265633,5.1856937,4.977987,4.5984945,4.5245867,4.315266,4.6316695,5.289828,5.5476637,5.718966,5.9869103,5.975971,5.8900623,6.5783815,7.371183,7.957389,8.192544,8.270342,8.046351,7.5953784,7.1998763,6.8445086,6.527944,6.2106977,5.9220724,5.607807,5.0612707,4.138397,3.6673605,3.6308851,3.750947,4.0916257,4.221986,4.176481,3.6895528,3.1588392,3.1019824,3.324091,3.8795142,3.8395567,3.7400434,3.9305747,3.692058,3.6630423,3.2554011,3.1074953,3.4287071,3.55553,3.3879519,3.8532937,4.9311337,5.116949,5.2977867,5.389066,5.4527273,5.5641527,5.730149,5.884665,5.959,5.9167123,5.868706,5.78049,5.674604,5.5817213,5.445643,5.4265857,5.4860926,5.4623804,5.4155197,5.390255,5.4233603,5.5103884,5.5389504,5.5824823
7.7035522,8.081622,8.480354,8.824756,9.155278,9.307555,9.28829,9.119647,8.687936,7.999418,7.0362983,6.228314,5.474298,4.8167224,3.976284,5.48659,4.8918147,5.0256515,5.307744,5.5105844,5.428852,5.188552,5.0624137,4.640198,4.797962,4.8958883,5.3101497,5.998717,5.973171,5.819921,6.0062113,6.06406,5.9750676,6.692254,7.5527143,8.249385,8.580486,8.391039,8.045971,7.594363,7.1799803,6.777778,6.4473257,6.2159653,6.0439754,5.6902504,5.3238134,4.4391565,3.6730328,3.5594056,3.5318131,3.5647695,3.8686085,3.9369285,3.4063118,3.04977,3.0528905,3.101917,3.2751877,3.1534781,3.2522166,3.407115,3.4596653,3.6884325,3.8220174,3.7226145,3.9825363,3.814181,3.6008306,3.7043583,4.9415054,5.2912335,5.399859,5.4500446,5.471567,5.5581837,5.6682096,5.840974,6.019852,6.1665597,6.2231574,6.1675725,6.0073056,5.851602,5.6598153,5.604533,5.6453495,5.642592,5.5665207,5.5081716,5.5632606,5.6759443,5.7101145,5.689179
7.93473,8.369173,8.851139,9.259092,9.539236,9.680992,9.589582,9.337731,8.729813,7.8507633,6.5423894,5.7048616,4.797684,4.155151,4.2951155,6.12814,5.9099083,5.3339067,5.250641,5.5280175,5.6970963,5.485421,5.141854,4.8422294,4.975656,5.2979627,5.731674,6.123905,6.0943203,5.8709564,5.9616666,6.160459,6.189874,6.6271,7.28839,7.720919,8.06061,8.103197,7.8745656,7.4052234,7.013557,6.696504,6.4449325,6.2702613,6.154265,5.891736,5.5675917,4.7362547,3.8499196,3.6227932,3.5699873,3.518572,3.6065955,3.9269874,3.5269434,3.106895,3.0898116,3.0623333,3.0326073,2.9642394,3.0449677,3.0895338,3.1338723,3.2886922,3.8795323,4.192821,4.403597,4.2547684,4.1580286,3.8491457,4.541093,5.4824266,5.560442,5.60256,5.5925603,5.613286,5.700578,5.844748,6.030219,6.2428684,6.363808,6.3466744,6.261879,6.168711,6.036649,5.892694,5.879462,5.88222,5.7710977,5.692438,5.7078843,5.7780213,5.8489857,5.827439
8.223511,8.675839,9.186959,9.628892,9.923197,10.092769,9.896684,9.461803,8.69638,7.5228043,6.1467667,5.0189314,4.0794435,3.7816713,5.003102,5.4565773,5.0997,5.1948404,5.412423,5.698401,5.7306156,5.6106133,5.162312,4.7366858,5.2352176,5.4573345,5.793738,6.3053823,6.228663,5.817983,5.7771935,6.029565,6.1267543,6.588947,7.28579,7.647023,7.9394283,7.831207,7.6791124,7.3395953,6.9853463,6.754774,6.5585003,6.3296795,6.206463,6.0704117,5.7810597,5.1562724,4.430137,3.846075,3.622531,3.531053,3.5547032,4.0771523,3.8186736,3.2554,3.2049253,3.1697206,3.0978642,2.9602494,3.0265179,3.1088202,3.1674616,3.2378318,3.4337647,4.0760016,4.438316,4.408969,4.512873,4.179119,4.213075,5.6744256,5.731862,5.7769637,5.7412343,5.7143054,5.7506857,5.820586,5.9284496,6.1233993,6.3945746,6.478041,6.4524856,6.374531,6.3435154,6.2397914,6.1772914,6.1150346,6.010886,5.9111876,5.8381815,5.844622,5.912472,5.9770594
8.596799,9.030631,9.503717,9.938149,10.256163,10.462358,10.2711525,9.715525,8.724134,7.043882,5.7229915,4.140044,3.6562147,3.8919065,6.4045806,5.8270173,4.548164,5.0223837,5.1942177,5.501204,5.5590887,5.3087378,5.0751395,4.817279,5.1788206,5.3645253,5.9177165,6.369318,6.2777686,5.669138,5.354704,5.731409,5.961324,6.5436845,7.3256316,7.6264763,7.7890105,7.662856,7.5594306,7.434893,7.2037272,6.9198937,6.643659,6.3419914,6.2189555,6.1143446,5.971925,5.6679688,4.8630924,3.9286833,3.7919047,3.60562,3.6557448,4.329435,4.311107,3.8458936,3.382296,3.2090435,3.2182722,3.079607,2.95832,3.2483618,3.6159143,3.3927205,3.3650634,3.665308,3.9810665,4.0605893,4.65236,4.575695,3.9891267,5.4565406,5.708709,5.763538,5.8490357,5.844427,5.815287,5.822688,5.835898,5.938929,6.15766,6.3679914,6.4682183,6.5312424,6.5076013,6.5131145,6.4823194,6.3995914,6.2395577,6.1057763,6.0299315,5.980012,5.9905777,6.0968223
9.048865,9.445917,9.830709,10.219674,10.519197,10.69094,10.445683,9.778274,8.552089,6.8421264,5.2623014,3.7484412,3.6109912,5.03983,7.0077624,5.8442497,5.0113444,5.1370244,5.1448984,5.3222017,5.328109,4.881672,5.0343966,5.177803,5.175632,5.1583257,5.395031,5.4711223,5.898021,5.509459,4.961496,5.448286,5.875949,6.352659,7.261281,7.6418357,7.7153606,7.6941867,7.5249457,7.3868895,7.1350493,6.8786354,6.712425,6.392075,6.1971283,6.141428,6.1177583,5.902156,5.130804,4.0963097,3.794387,3.6788063,3.5454082,3.8959723,4.4542017,4.288144,3.6174254,3.3397505,3.411826,3.12519,2.8764608,3.1307902,3.3320181,3.3385162,3.3542998,3.4746497,3.5618196,3.6268396,4.274532,4.561292,4.1328926,4.3244185,4.3421283,4.8952384,5.690262,5.9741073,5.906669,5.883127,5.8801603,5.905002,5.9502153,6.085859,6.304531,6.5567813,6.641516,6.7036433,6.75954,6.6972423,6.5451784,6.3349385,6.2025576,6.140304,6.1311893,6.222195
9.464949,9.857241,10.144943,10.434357,10.648877,10.743148,10.475702,9.888436,8.747511,6.307242,4.423732,3.479645,4.0742354,4.7896705,5.5216875,5.007004,5.46049,5.462732,5.320639,5.2028446,5.0089617,4.698861,4.8298583,5.0726466,5.276945,5.1408033,4.854865,5.375067,5.742722,5.4511576,4.8780885,5.1939707,5.7825837,6.276706,7.2231555,7.6733823,7.7302513,7.808007,7.6022377,7.3457055,7.094885,6.887076,6.755377,6.5198073,6.3048625,6.2174067,6.106929,5.7658095,5.2542973,4.5149746,3.8714077,3.66987,3.6824589,3.9191866,4.449828,4.416884,3.8163493,3.5813615,3.8144584,3.2199664,2.9832633,3.0841074,3.2364457,3.3348675,3.3837502,3.7828274,3.6722076,3.5426323,3.8558278,4.145824,4.359857,4.3016963,4.2914524,4.463863,5.454155,5.8948655,6.0679975,5.9788365,5.9126964,5.955784,6.007987,6.0164547,6.121952,6.3439765,6.498333,6.6781874,6.7886267,6.8114195,6.744541,6.615431,6.3721666,6.27265,6.344451,6.410548
9.7238035,10.084923,10.306302,10.463613,10.642792,10.812791,10.475428,9.677871,7.786765,4.7021713,3.6332433,3.6393225,3.907626,4.682692,5.4474683,4.9450045,5.1270823,5.218283,5.1964445,5.1164117,5.217747,4.933862,4.4756083,4.9466186,5.3189096,5.398047,5.3800874,5.6220536,5.8649344,5.4399905,5.3883386,5.7263417,6.063863,6.391989,7.12287,7.631754,7.8082066,7.9082575,7.7841353,7.448611,7.158026,6.969729,6.8433466,6.667262,6.491684,6.304501,5.6190286,4.6669226,4.332892,4.0307746,3.6554384,3.5320897,3.7494378,4.2165747,4.535693,4.500458,4.178806,3.828919,4.0121064,3.306059,3.1867626,3.2804673,3.3187623,3.285665,3.347471,3.7298734,3.6384249,3.4635808,3.4254916,3.5510225,3.9299946,4.355439,4.66708,4.8284235,5.062344,4.6979113,5.7945337,6.0035357,5.9462457,5.862475,6.050554,6.1194434,6.2618923,6.30003,6.4252224,6.6348586,6.820525,6.899359,6.869528,6.839631,6.7428017,6.560704,6.5665836,6.645147
9.857374,10.133341,10.272191,10.280415,10.427863,10.693719,10.1507635,8.27464,6.25308,4.548591,4.595187,5.2209835,5.341528,6.062254,6.305456,5.2265534,5.4825907,5.2140837,5.1930475,5.400561,5.440349,5.110644,5.0888696,5.7281594,5.6222253,5.906712,6.029822,6.15463,6.1288614,5.3476586,5.6002464,6.32961,6.58742,6.6855874,7.1349406,7.6096573,7.879442,7.959496,7.6786065,7.3484697,7.215158,7.1700997,7.0771155,6.8454947,6.6345525,6.371969,5.641131,4.591438,4.04678,3.76444,3.5091183,3.4286346,3.7960005,4.440333,4.624521,4.762069,4.6490693,3.9863174,3.9383247,3.5279863,3.651974,3.657482,3.4904363,3.2653923,3.3099766,3.5206587,3.5360134,3.4579072,3.4475613,3.3951523,3.4214165,3.6755614,4.3087134,4.7649856,4.4660425,4.042201,5.16356,5.6538286,5.8886437,6.0058722,6.1325264,6.2357945,6.3188996,6.440586,6.6116695,6.800352,6.9781556,7.11002,7.1329737,7.131194,7.114164,7.0260153,6.887239,6.8857417
9.968513,10.153475,10.205574,10.10899,10.158377,10.659901,9.222606,6.033464,5.2216907,4.989215,5.2646956,6.619212,6.8444786,7.068037,5.939014,5.3293257,6.2511497,5.589122,5.8092694,6.1101356,5.899776,5.2265553,6.3472714,5.991603,5.6656275,5.952176,6.2810636,6.308515,5.8973184,5.187122,5.5770383,6.37934,6.6861086,6.8841963,7.1252303,7.513078,7.8766046,8.002196,7.8058968,7.5247545,7.396235,7.4092784,7.2766223,7.0130577,6.836489,6.5109873,6.0586305,5.250388,4.25361,3.8662663,3.58511,3.4834435,3.927122,4.366599,4.7630515,5.058937,5.0101337,4.418269,3.774741,3.6781628,3.9802525,3.952929,3.750942,3.3641162,3.3827512,3.573022,3.4639375,3.5307026,3.6476388,3.5747886,3.6760058,3.6980388,3.8060117,4.3782544,4.7289786,4.8169107,4.7092113,4.6417055,5.2349524,5.9804196,6.233217,6.415864,6.437975,6.49994,6.681446,6.9563174,7.176296,7.3144145,7.387562,7.4468365,7.4629607,7.4018936,7.2867923,7.192713
10.016345,10.062668,9.956153,9.726527,9.715337,9.878397,7.664729,5.27113,5.271318,4.933887,4.526042,7.009592,6.6895967,6.691175,5.931428,5.9773235,6.481511,5.90779,5.958418,6.2503123,6.4613647,6.306886,6.229858,5.620603,6.0775576,6.261032,6.4098663,6.2627306,6.0750804,5.3719926,5.1722293,5.9995203,6.5279145,6.8271728,6.848667,7.2193103,7.66604,7.9790425,8.124283,7.9894514,7.7655816,7.636892,7.48961,7.279055,7.0661473,6.6763167,6.104655,5.3868613,4.48351,4.094143,3.587325,3.4085732,3.6329432,3.86897,4.527419,5.0910726,5.186093,4.9225364,4.365727,3.668958,3.8674843,4.250429,4.1836033,3.5996149,3.4059036,3.4042866,3.5137844,3.576772,3.6566973,3.5878417,4.098328,4.3056083,3.9549272,3.8590872,4.3338003,5.0092006,4.8542953,4.599519,5.1373954,5.8028913,6.208907,6.4210944,6.505315,6.574727,6.714202,6.9255285,7.1801057,7.430309,7.5223694,7.602494,7.6579266,7.6527023,7.581779,7.5117908
10.0108595,9.941253,9.665297,9.210545,8.419975,7.4777875,6.3616767,5.5522456,5.912753,4.6700563,4.437005,5.9240255,5.4852257,5.211913,5.6479263,5.891982,6.1478205,5.727909,5.791828,5.786849,5.9412007,5.7306843,5.834311,6.2660255,6.570675,6.4002724,6.310031,6.074064,6.295557,5.3779106,5.2616415,5.385565,6.0279913,6.9338503,7.1040883,7.2621255,7.511798,7.828811,8.042845,8.078328,8.009133,7.882105,7.6974354,7.4141626,7.2002883,6.7674527,6.2195506,5.4914546,4.624836,4.282561,3.9776227,3.743191,3.6123207,3.5471153,3.9779038,4.779932,5.119166,5.1457,4.923837,3.9957128,3.8987534,4.461433,4.407394,3.820692,3.6391573,3.4163406,3.6084647,3.6876988,3.7121737,3.8918045,4.046942,4.3814464,4.3639627,3.9884067,3.814039,4.4159064,4.7492676,4.771152,4.812529,5.730932,6.129108,6.3374233,6.480887,6.585931,6.659172,6.754185,6.973317,7.255099,7.464888,7.616751,7.6759734,7.7258186,7.720357,7.699592
9.885834,9.85113,9.504611,8.871497,7.6732397,5.147382,5.36582,6.525731,6.5996084,4.643799,4.0182695,4.95697,4.4715323,4.7300253,5.794727,5.8670325,5.6498027,5.938616,6.564487,6.2722983,5.864648,5.634944,6.1680946,6.7229486,6.4779935,5.991145,5.918565,5.8537226,6.1480894,5.3043942,5.6353188,5.4134994,5.9565425,6.9862776,7.6097136,7.744426,7.7008076,7.75717,7.884811,8.068727,8.068753,7.872364,7.609706,7.4394946,7.2722254,6.823831,6.3663287,5.9511514,5.3107414,4.9237986,4.598671,3.9683971,3.6586976,3.6585295,3.548546,4.1350064,4.8471336,5.116549,5.0082293,4.3388186,4.147091,4.510429,4.508344,4.009174,3.8791037,3.5477228,3.5524945,3.6225357,3.9688983,4.120818,4.0732903,4.159663,4.0205956,4.017688,3.942302,3.8623714,4.15981,4.8605413,5.3566556,5.922577,6.143461,6.2331157,6.351148,6.5005674,6.59174,6.609946,6.7329955,6.98366,7.2477946,7.419562,7.4657426,7.4944725,7.572666,7.702472
9.661681,9.73699,9.487099,8.676844,7.1528444,4.8255053,5.9994483,6.954164,5.9434767,4.587488,4.4388337,4.418266,4.5693464,5.539041,6.188926,5.8704643,5.4505973,5.996575,6.20936,6.448173,6.8072553,6.467203,6.055892,6.2769732,6.079594,5.8598514,5.8062086,5.8137302,5.432938,5.2651258,5.61856,5.48246,6.1547523,7.005978,7.8093247,7.877581,7.6283784,7.602306,7.601621,7.708419,7.652247,7.4761076,7.3205113,7.3370256,7.292735,6.9120893,6.415957,6.1434608,5.9047875,5.798625,5.4306097,4.5516224,4.134219,3.934556,3.565619,3.6064157,4.3205957,4.8121347,4.7766547,4.7073812,4.423417,4.3935823,4.6028304,4.5547295,4.266568,3.8758867,3.7916908,3.7674975,3.824215,3.8318563,3.9997008,3.9237304,3.8505065,3.7055976,3.7714505,3.7350352,3.7051394,4.390392,5.4341197,6.0690427,6.141611,6.1151075,6.1133842,6.265164,6.460343,6.547194,6.6041746,6.7210507,6.945854,7.079752,7.040733,7.105211,7.221199,7.4499636
9.684604,9.792431,9.811036,8.72508,6.3841114,5.8212028,6.551157,6.224657,5.114736,4.471679,5.050737,4.2264376,5.150717,6.073124,6.281949,6.1459155,6.193605,6.752838,6.7155566,6.2986984,6.6210527,6.937268,6.4968615,5.975838,6.2425,6.241402,5.6658225,5.3319607,4.719066,5.0063405,5.4413385,5.1674204,6.06031,6.7749825,7.476429,7.9324565,7.6989965,7.481962,7.5148916,7.6302037,7.639178,7.539871,7.372431,7.184177,7.1983047,6.9433393,6.49539,6.2105875,6.0316315,5.9646606,5.6828985,4.7779417,4.1131387,3.9009848,3.8165593,3.8929217,4.4971147,4.6333623,4.6886764,4.966876,4.7820783,4.415462,4.447282,4.7304835,4.486917,4.4142985,3.9046967,3.7721574,3.725885,3.7600284,3.9871137,3.9009516,3.7675066,3.628969,3.6486313,3.6098588,3.8582797,4.103633,5.2550225,6.236184,6.193089,6.089912,5.9660754,6.0252104,6.1845756,6.4135885,6.625556,6.753386,6.8134556,6.959003,7.056152,7.1080055,7.087488,7.1608043
9.95889,10.206643,10.275658,8.604579,6.327348,7.0201283,6.0721025,5.1852107,4.8237915,4.931867,4.876388,4.3663774,5.348252,5.971383,5.9653826,5.864215,6.4004803,7.1231656,7.5793214,7.3908963,6.5002246,6.579866,6.687168,6.3083477,6.459218,6.3059607,5.9431467,5.328848,4.653075,5.0058336,5.118305,4.9536915,5.826674,6.10651,6.528535,7.1679606,7.390344,7.393231,7.61039,7.837341,7.9190297,7.823067,7.6418595,7.353161,7.1929536,6.978671,6.6305532,6.3681197,6.056951,5.7729096,5.131622,4.2513456,3.9667964,3.8434663,3.8846493,4.0713744,4.824937,5.2579484,5.2712235,5.2836924,5.2545004,4.6203904,4.1118484,4.742583,4.7383924,4.728385,4.1344576,3.6108835,3.5217283,3.6871073,3.8307054,3.9832113,3.95519,3.9631858,3.8285227,3.6385255,3.7533965,4.001648,5.216139,6.0336533,6.2859674,6.3451233,6.19886,6.025099,5.9800644,6.2123013,6.555629,6.859102,6.9442234,7.051636,7.106894,7.0952053,6.954011,6.9047394
10.098541,10.439878,9.874183,7.110974,5.820187,6.0682473,5.3583894,4.9132338,5.074442,4.917112,4.3295274,4.643203,5.339195,5.859461,5.9412527,5.659498,6.0981083,6.538506,6.659422,6.6999116,6.083331,5.6753535,6.078977,6.391535,6.185729,6.0468445,5.659986,5.1120234,4.686863,4.972488,5.2009597,5.1999536,5.4780016,5.875316,6.215961,6.7205415,7.2196784,7.4914975,7.6498394,7.7977486,7.8308697,7.7311635,7.605189,7.3628235,7.179252,7.003018,6.720951,6.4796805,6.1720843,5.945679,5.496817,4.917238,4.6473837,4.0572033,3.9990363,4.353665,5.1136465,5.5979843,5.5681014,5.4597397,5.3546004,4.656952,4.3464456,4.6138473,4.082249,4.0454984,3.8542285,3.6425714,3.5305328,3.5597923,3.5866477,3.8801415,4.1485,4.2752457,4.2118545,3.8975737,4.0769515,4.3025637,5.240878,5.90074,6.2929263,6.5603786,6.473884,6.258547,6.1059895,6.1701403,6.342088,6.589525,6.75882,6.873366,6.8348823,6.773399,6.806924,6.79038
10.125042,10.115429,7.1999187,5.2530613,5.605314,5.608908,5.2278857,5.005149,5.255502,5.066769,4.387207,4.731863,4.9722323,5.281418,5.7985063,5.819252,5.702754,5.5685186,5.799885,6.2518077,6.108005,5.632601,5.6891274,6.289651,6.2011156,6.189626,5.707243,4.7819614,4.217699,4.4056787,5.1054573,5.41124,5.652672,6.366864,6.809982,7.167335,7.479073,7.587922,7.6077375,7.709204,7.6654005,7.5067267,7.3527565,7.1078978,6.9231157,6.8676257,6.665954,6.4418664,6.2675643,6.1678243,6.006843,5.813577,5.6097994,4.8981943,4.783594,5.125117,5.550977,5.717415,5.676343,5.5255055,5.325171,4.6366086,4.3918047,4.7382665,4.0827746,3.9378867,4.488198,3.994962,3.6819298,3.5869718,3.555151,3.713447,4.053295,4.219479,4.027178,4.0703053,4.832367,5.2768335,5.5339785,5.6806593,6.1768966,6.4997187,6.6326156,6.55593,6.368899,6.2966933,6.301728,6.3000326,6.360434,6.4127436,6.42313,6.6081285,6.7502265,6.7812057
10.045403,9.453365,5.556928,4.560211,5.677288,5.5470977,5.2629523,5.0092483,5.2476745,5.132075,4.7601175,4.626563,4.896274,5.142042,5.562184,5.611831,5.438801,5.0555816,5.140973,5.686039,5.768354,5.4148793,5.4335027,6.0758796,6.2870893,6.4010315,5.783501,4.8645034,4.1520405,4.252959,4.3921175,5.1891923,5.7008286,6.2871375,6.9197364,7.410609,7.5239353,7.4957347,7.599025,7.6504755,7.5456986,7.3267727,7.1305323,6.9414015,6.7800465,6.6778617,6.552896,6.4235654,6.2662396,6.177173,6.1008945,6.020053,6.0473895,5.873398,5.7134113,5.7309613,5.8911004,5.928764,5.9121046,5.8661947,5.6033278,5.060498,5.003366,5.361289,5.128781,5.010589,5.1857214,4.804753,4.146355,3.7011256,3.731629,3.7257211,3.948252,4.1958184,4.0751405,4.1367464,4.868632,5.418803,5.0081835,5.2150435,5.630239,6.1013303,6.5767994,6.730524,6.5769386,6.4405184,6.3375473,6.2225623,6.157231,6.146031,6.211155,6.435945,6.627075,6.784112
9.838851,8.409602,4.7431245,4.346772,5.6644588,6.0484986,5.007108,4.91231,5.00731,4.9416447,4.988389,4.521746,4.7083325,5.0257845,5.2256994,5.205823,5.3212585,5.174488,5.190099,5.501734,5.542361,4.760572,4.7332797,5.9426517,5.9683013,6.0176897,6.097884,5.682104,4.904538,4.0875154,4.1893167,5.413173,5.4609385,5.598147,6.342015,7.0533314,7.291125,7.1985106,7.332906,7.4712386,7.5128517,7.450447,7.302274,7.1225896,6.943841,6.735694,6.628262,6.493767,6.3284855,6.162337,6.0838237,6.039309,5.790327,6.0316706,6.0972447,6.0330877,6.026072,6.0816627,6.1044183,5.9892282,5.8292317,5.7240953,5.6720753,5.7454624,5.745272,5.563564,5.5385046,5.3284063,4.4163218,3.7918963,3.8350751,3.8042374,3.8685846,4.2044125,4.2147117,4.0174613,4.441741,4.6831074,4.483775,4.3168907,4.7973437,5.3198314,6.3112903,6.7325897,6.6154394,6.4131093,6.3221955,6.1631956,6.052368,6.0060377,6.1390095,6.2763233,6.4693017,6.7078843
9.600189,7.252668,4.2406273,4.2691913,4.5974693,5.608176,5.3299527,5.1072474,5.3653436,5.0533037,5.1141415,4.694223,4.611996,4.739164,4.966815,5.0553875,5.2093554,5.1951942,5.251086,5.244912,5.045351,4.482305,4.461181,4.9943533,5.370496,5.727517,5.805065,5.980488,5.7437906,4.444331,4.5234756,5.515291,5.5024076,5.4295983,5.913135,6.5677257,7.05773,7.147077,7.2546988,7.420982,7.546399,7.633569,7.570386,7.3592057,7.1174526,6.884068,6.6842613,6.5059915,6.4388285,6.393625,6.3499928,6.217593,5.820439,6.174812,6.271506,6.1733046,6.12822,6.2347445,6.249543,6.0622597,5.993552,5.989534,5.915313,5.909762,5.9200196,5.855846,5.816549,5.6464276,4.8881807,4.4051642,4.075054,3.8544037,3.8197052,3.936936,4.1326714,4.032785,3.9991825,4.158742,4.0825515,3.9540837,3.9966006,4.5715485,5.80814,6.4365263,6.510511,6.1671276,6.2932625,6.2367015,6.1816597,6.180857,6.212776,6.239548,6.4340606,6.6804137
9.846673,6.9234314,3.7312217,3.9504716,4.3019924,4.798921,5.597041,5.6753783,5.9060254,5.4252,4.9746103,4.901152,4.837878,5.108124,5.3037477,5.25571,5.268832,5.27546,5.1629066,5.332536,4.9189878,4.3398952,4.936173,5.8721275,5.8241935,5.7599616,6.048242,6.171961,6.2650795,5.293001,5.4264293,6.1045527,6.2115707,6.114081,6.2549944,6.4831734,6.690086,6.9598775,7.179359,7.4192777,7.5589485,7.5346227,7.4015245,7.248555,7.100901,6.884838,6.718507,6.614171,6.5666165,6.6053104,6.574739,6.486355,6.2823234,6.281783,6.3639045,6.2994685,6.203043,6.189679,6.1554756,6.054042,6.1150794,6.1363125,6.0360975,6.0074506,5.9749894,5.9063215,5.8984156,5.9574075,5.905295,5.6002903,4.5704803,4.0192018,3.8803532,3.8829453,4.0623317,4.0212197,3.9526758,3.9457295,3.994823,4.0553427,3.9996336,4.0645432,4.738221,5.0500693,5.3957787,5.367344,6.0202336,6.420866,6.5704265,6.5820627,6.5266767,6.5163784,6.532585,6.6471086
9.737321,6.944214,3.9553761,3.855867,4.1136546,4.8139615,5.5580096,5.8554416,5.7517996,5.771558,4.850335,4.870025,5.1256976,5.4626174,5.3727612,5.454157,5.560719,5.7717896,5.713589,5.5158405,5.041445,4.3164663,5.541121,6.668246,6.6333222,6.556381,6.9260206,6.809159,6.9797134,6.7119703,6.5764017,7.0893598,6.984879,6.7342415,6.4978924,6.4223003,6.549183,6.8807807,7.124301,7.380159,7.5576053,7.510165,7.407261,7.254044,7.128137,6.898188,6.784757,6.739543,6.666115,6.6499043,6.5622087,6.442565,6.3800063,6.3383665,6.266237,6.2762423,6.2028513,6.1337185,6.0891094,6.0828943,6.223109,6.1609664,6.075597,6.1198816,6.0835333,5.9646835,5.962352,6.1093845,6.2096586,6.0404325,4.7986374,4.3266664,4.1231246,3.9844108,4.066077,4.0966477,4.0412602,4.088119,4.1338034,4.1821504,4.085576,4.0165343,4.064967,4.164885,4.1895003,4.2951417,4.865598,6.362329,6.8919935,6.6353936,6.5254097,6.581577,6.7410316,6.8207483
8.572894,6.2427144,4.2339163,3.9329035,4.107915,4.888798,5.5783706,5.661389,5.7600474,6.0557427,5.029964,5.1766047,5.5590534,5.764089,5.631932,5.5616035,5.663316,5.864068,5.756238,5.5661316,5.031413,4.7060246,5.53666,5.870488,6.3227534,6.736332,7.268955,7.2475643,7.3595796,7.338197,7.246331,7.5125213,6.9492025,6.6220994,6.465047,6.4750695,6.5331945,6.9206486,7.1691275,7.382348,7.567217,7.581676,7.535016,7.333921,7.1716075,7.0138445,6.9126635,6.8919196,6.7895145,6.6196632,6.549724,6.612567,6.5368266,6.407589,6.313768,6.275349,6.237468,6.241724,6.204076,6.231012,6.452243,6.458049,6.2536526,6.1372857,6.1613216,6.14856,6.114291,6.179209,6.351401,6.5032296,6.1376324,5.2793093,4.7294497,4.300383,4.164216,4.2609305,4.2739387,4.2423325,4.192135,4.1583824,4.248954,4.2742534,4.0039806,4.1911054,4.1653066,4.1373024,4.287844,5.155889,6.6235714,6.8362823,6.5846076,6.5186625,6.679033,6.841124
7.9011865,5.7383394,4.057783,3.585756,3.9045174,4.433685,5.0708766,5.289746,5.622115,6.0005217,5.5121007,5.19792,5.541054,5.787314,5.6660485,5.5875297,5.831156,6.0079207,5.8124185,5.7119026,5.2667174,4.460284,4.612763,5.216913,6.049023,6.691203,7.249803,7.0570583,7.232406,7.176412,7.548974,7.657718,6.9091825,6.6325426,6.569222,6.6415324,6.6873107,6.9213,7.1334863,7.3633213,7.536423,7.552012,7.439183,7.2424736,7.16363,7.03282,6.9325657,6.977755,7.0106325,6.9526176,6.816199,6.790262,6.6778507,6.6242127,6.556369,6.4420323,6.406895,6.3818393,6.3836265,6.379002,6.73022,6.801393,6.4203024,6.184482,6.267794,6.271331,6.2286553,6.2073207,6.317386,6.564148,6.733193,6.5024886,5.981557,5.2724996,4.694811,4.5723886,4.4810586,4.3638606,4.4211836,4.31046,4.3087573,4.424997,4.3431387,4.367643,4.3412633,4.2611036,4.2658305,5.04971,6.4201827,6.8825097,6.799212,6.6460433,6.6855273,6.8350863
7.853756,5.302637,3.8992195,3.7550006,4.1163974,4.5640903,4.900825,5.533692,5.9009976,6.0128345,5.785728,5.4110756,5.153657,5.3889465,5.420846,5.4815464,5.86946,6.0697246,6.198467,6.203348,5.999803,5.7128415,4.6228538,4.6833954,5.368656,6.603369,6.3116198,6.0526886,6.701307,6.6421866,6.618343,6.837236,6.6828856,6.5432835,6.280756,6.2983613,6.6914916,6.957835,7.1023774,7.356333,7.4952893,7.46448,7.339869,7.240542,7.165789,7.040746,7.0270443,7.048599,7.0803666,7.160764,7.077538,6.905373,6.848997,6.8546185,6.74588,6.634209,6.5777273,6.591038,6.5648518,6.569836,7.1375985,7.2952423,6.7731714,6.301719,6.272392,6.2684565,6.319364,6.3213654,6.346384,6.5422354,6.6693377,6.7106743,6.4304376,6.1263795,5.412621,4.8050537,4.6705112,4.518813,4.459222,4.409026,4.4048243,4.379729,4.119552,4.265958,4.3752565,4.221781,4.0573516,4.8907833,6.28899,6.9099984,6.9064827,6.8225856,6.845139,7.0266957
7.7786884,5.8896794,3.9732108,3.6680582,3.9589632,4.2652116,4.8907304,5.857083,6.1647253,5.98033,5.6310215,5.3279114,4.947061,4.6165657,4.7028294,4.720871,5.20335,5.328663,5.58269,5.722326,6.1435037,6.615368,5.2438273,4.58303,5.228358,6.146931,5.804575,5.6352677,5.9738007,6.276558,6.1235986,6.4513526,6.400642,6.2137575,6.0272956,5.902236,6.3408756,6.870001,6.9449897,7.187842,7.3123097,7.3990927,7.387598,7.3369884,7.3241587,7.234944,7.239323,7.3266754,7.352863,7.3126326,7.228314,7.182539,7.1844106,7.032399,6.855553,6.859038,6.787038,6.7325664,6.7269177,6.954367,7.5741835,7.7144437,6.8956475,6.342307,6.369456,6.1086593,6.3103604,6.5737925,6.627356,6.537755,6.6386256,6.5188084,6.259804,6.369213,6.614392,6.482185,6.355368,5.682787,4.6258864,4.3612123,4.495919,4.617154,4.2157288,4.034204,4.2646503,4.224249,4.1055193,4.092225,5.3330517,6.321168,6.731477,6.894367,6.827249,6.9619765
7.5632434,5.948478,4.2009625,3.5554261,3.661017,4.2840395,4.836285,5.439675,5.5135055,5.0862274,4.8106613,4.9891644,4.933127,4.323471,4.06576,3.6734037,4.1139393,4.444694,4.566848,4.6048017,5.3538537,6.016169,5.6830835,5.16511,5.2132993,5.9682803,6.0078044,5.3567796,5.301512,5.7318587,6.008618,6.3132057,6.510161,6.1395183,5.499209,5.872148,6.2836533,6.797055,6.8567214,6.986949,7.159494,7.342182,7.4768248,7.418586,7.505515,7.4732704,7.4504724,7.486561,7.422048,7.3698673,7.3580236,7.365839,7.3458776,7.0679398,6.859308,6.9253674,6.928321,6.7959824,6.8151026,7.0962257,7.716131,7.6472545,6.330821,6.154713,5.9311852,5.406391,6.060906,6.5996437,6.953218,6.7819285,6.5716605,6.5538425,6.3640413,6.4123416,6.6243963,6.1618285,5.673605,5.4872675,5.2265506,4.7250123,4.729116,4.703254,4.4105,4.1543946,4.247079,4.176068,4.0733457,3.9704666,3.978437,4.636143,5.568427,6.2512026,6.520541,6.478109
7.444409,6.133306,4.4770575,4.1055593,3.7181578,4.3092184,4.3887,4.710336,4.8414793,4.3716936,4.168953,4.6582136,4.673002,4.3325567,4.103742,3.9279761,4.025137,4.1780972,4.3590837,4.8619657,4.767784,4.7792697,4.848759,5.312321,5.4560566,5.326557,5.076211,5.126444,5.081412,5.857718,5.9680696,6.2565007,6.4749618,6.2231426,5.995827,6.382078,6.562771,6.8185253,6.9003053,6.942775,7.0939236,7.3184404,7.360179,7.3611937,7.6245313,7.6649265,7.618789,7.5001893,7.4132605,7.3914332,7.3422623,7.1982627,7.1472135,6.9462533,6.8780723,6.8877316,6.8827634,6.8371243,6.772441,6.9272885,7.7141285,7.8455954,7.2759295,6.7599325,6.052586,5.033724,5.4657006,6.7346497,7.5285964,7.5095963,6.9508696,6.808053,5.9780946,5.3131285,5.5964785,4.924207,4.4745216,4.406559,4.5581746,4.5818834,4.688282,4.7809625,4.8072014,4.628934,4.3652897,4.292387,4.1504316,4.052806,4.0265317,4.0301867,4.2944508,4.641159,5.3299503,5.8727946
7.436109,6.466999,4.537097,4.123175,3.929607,4.2078643,4.426605,4.8403816,4.9871182,4.7554984,4.455556,4.03229,3.9345183,3.8758378,3.681506,3.7651858,3.588031,3.6985714,4.005436,4.7896767,5.097491,4.844759,4.617935,4.798364,5.3264155,5.2165723,4.7025514,4.9625297,4.9260063,5.684866,5.746229,6.259152,6.5256505,6.553489,6.5436873,6.667046,6.791553,6.874867,6.988213,7.085408,7.1749377,7.202911,7.113555,7.2399564,7.6063805,7.689236,7.370771,7.2710757,7.342776,7.332452,7.137602,6.641619,6.9808297,7.047226,6.9264536,6.960701,6.9030085,6.900388,6.731927,6.621173,7.0789256,7.7739506,7.7392087,7.2453785,6.6567864,5.4823213,5.685034,7.3439946,8.163658,8.2519865,7.7353463,6.735563,5.2847223,4.5903163,4.719406,4.6921287,4.5716286,4.449313,4.2841682,4.1944633,4.4626627,4.9003086,4.8776975,4.7750115,4.574159,4.544395,4.509128,4.391349,4.088809,3.9179718,3.950574,4.1660976,4.2615485,4.5136604
7.263665,6.4938498,4.7969737,4.1234026,3.9789,4.141912,4.8450108,5.815072,6.178251,5.7679057,5.2087145,4.409977,3.8966799,3.6629655,3.2068882,3.2949176,3.304196,3.413261,3.9530916,4.546345,4.7753067,5.0508585,4.824949,5.2336416,5.659716,5.7273607,5.2240586,5.4078135,5.424491,5.803943,6.235962,6.5707703,6.788199,7.0569654,7.103015,6.974222,6.9912705,6.981902,7.123001,7.192034,7.2052016,7.1667633,7.0040474,7.123767,7.6412244,7.6144075,7.28422,7.4362473,7.4849424,7.4170175,7.3190913,7.132977,7.2406178,7.207169,6.3376427,6.6510715,7.0255294,6.6567864,5.9086013,5.5817766,5.6562843,6.5956645,7.65329,7.4829397,6.7717533,5.985199,6.608074,7.787679,8.149697,8.001455,7.5829687,6.5756526,5.2183657,4.774358,4.8088326,4.6756945,4.449868,4.3094044,4.2793713,4.2508965,4.3538322,4.75164,5.838833,5.9030924,4.72366,4.456423,4.5177584,4.5611577,4.5202684,4.3656077,4.1259484,4.085396,4.1465464,4.0124326
7.0067153,6.298095,4.642183,3.8938727,3.6765084,4.11583,4.834216,5.9772916,6.212529,5.721071,5.4490237,4.9012527,4.317415,3.7137702,3.7939448,3.4529312,3.243952,3.553023,4.205502,4.6308255,4.4147663,4.369697,4.684685,5.0652237,5.9681954,6.066229,5.7727647,5.7358556,5.837729,6.140706,6.41599,6.693613,6.964788,7.4256253,7.4421406,7.299025,7.2488737,7.1672773,7.1452684,7.190852,7.2697186,7.383775,7.280844,7.200964,7.567032,7.5133986,7.4676886,7.7599206,7.7329774,7.664715,7.677573,7.443391,7.0478897,6.892133,6.1025143,5.6476197,6.3644032,5.6923084,5.068562,4.9385123,4.7473445,5.0151825,6.372887,5.6428795,5.3864737,5.8572297,6.148099,6.6068134,6.474334,6.12538,5.6744585,4.9536214,4.613611,4.7102275,4.677495,4.5442743,4.2535267,4.2042146,4.316769,4.425553,4.4565043,4.497552,4.936783,5.5049872,5.4605627,4.493212,4.3906364,4.320358,4.5070496,4.4905415,4.3446407,4.307804,4.1247673,4.0495024
6.8393273,5.9695473,4.361169,3.7353768,3.7054398,3.867318,4.4711986,5.2263403,5.422463,5.374803,5.576096,5.9278827,5.5783677,4.588862,3.8935583,3.4537997,3.638093,3.9839616,4.1261926,4.74887,4.9667616,4.7872586,4.666524,5.282633,6.054537,6.0265026,6.0083733,5.9948177,6.191996,6.446974,6.6882877,6.789318,7.0616064,7.534521,7.557228,7.4860682,7.4234333,7.2626038,7.141805,7.181825,7.3483453,7.5101366,7.448529,7.2956634,7.3241215,7.306667,7.512092,7.80785,7.7895055,7.7785444,7.840574,7.735993,7.303988,6.739861,6.133728,5.4106407,5.423912,5.2665787,5.1322904,5.2476606,5.3292274,5.3743367,5.7576513,5.4235635,5.13426,5.2064915,5.0029283,4.750645,4.7588243,4.6826816,4.750004,4.700026,4.6602364,4.71014,4.557745,4.4591703,4.420497,4.361913,4.4371867,4.517412,4.6027284,4.693955,4.620357,4.5511,4.2664857,4.351893,4.890555,4.5376177,4.4783673,4.544467,4.5515203,4.7908072,4.9586205,4.236551
6.638953,5.517839,4.293734,3.849751,3.7118616,3.7266061,4.363667,5.026801,5.1737666,5.394333,5.6501527,6.062704,5.6891274,4.5395985,3.8977044,3.8949325,4.057971,3.8660138,3.9594536,4.6254315,4.96887,5.285902,5.2029285,6.05089,6.3812633,6.4326034,6.6888933,6.2215114,6.7283697,6.9357014,7.136345,7.1764584,7.2483897,7.3698926,7.502589,7.5296187,7.4770026,7.3647404,7.297266,7.311834,7.468459,7.514671,7.4255724,7.3249207,7.214197,7.162796,7.448355,7.791759,7.831691,7.7955594,7.8374615,7.6254606,7.644366,6.8773003,6.24539,6.154836,6.677853,6.3305554,6.1992593,6.809729,7.351003,7.470609,7.2324667,6.723819,5.5931635,4.8270426,4.77705,4.832147,4.885057,4.8921847,4.874398,4.9651775,4.9281707,4.887937,4.8174233,4.760566,4.714007,4.6635203,4.605044,4.5525517,4.6113386,4.7493687,4.740883,4.561658,4.3769135,4.3140345,4.6434474,4.9575057,4.5574055,4.6025143,4.619202,4.977356,4.990343,4.450115
6.288173,5.023666,3.7038047,3.5352395,3.7356012,3.375365,4.1675434,4.636226,4.981637,5.3939633,5.705978,5.869858,5.607803,4.801622,4.1149144,4.119934,4.0147343,4.136301,4.2632027,5.101499,5.2714224,6.023732,6.3488173,7.279878,7.2781305,7.058411,7.093911,6.8073797,7.1693664,7.3086042,7.3720174,7.454212,7.4896607,7.3666883,7.3667097,7.4362125,7.4820313,7.4692974,7.455043,7.421404,7.4537706,7.4137144,7.374478,7.348159,7.19934,7.112467,7.29753,7.683191,7.9327383,7.75412,7.3665895,6.901771,6.9321513,5.9478784,5.5024333,6.613412,7.371688,7.8342056,7.8804817,8.192456,8.382709,8.20208,7.6212945,6.646744,5.317513,4.853433,4.982596,4.9626665,4.930257,4.885122,4.904591,5.083953,5.422572,5.575347,5.079303,4.8864536,4.8507395,4.892443,4.8130198,4.6513987,4.6432056,4.723181,4.662814,4.5517154,4.661122,4.8677473,4.903519,4.7909493,4.697097,4.716344,4.66538,4.5785184,4.595519,4.5304637
5.949891,4.355937,3.7720687,3.5652447,3.4120255,3.180112,3.4376113,3.804903,4.1421742,4.651155,4.48587,4.329347,4.2864614,4.0710125,4.034139,4.024762,4.189059,4.125208,4.559515,5.506412,6.256015,6.676379,6.8858933,7.178488,7.2217093,7.278458,7.2026157,7.185733,7.321676,7.3898134,7.438524,7.403805,7.3918734,7.3466125,7.3585095,7.439324,7.479444,7.393213,7.34121,7.3279715,7.334345,7.3499403,7.451544,7.4647727,7.3007092,7.256905,7.342049,7.4632998,7.5826173,6.6283255,5.663929,5.9784036,5.8669558,5.4484186,5.381451,5.827595,5.851356,6.023481,6.7844872,7.7245946,8.051638,7.7818456,6.6362085,5.1349616,4.6178646,4.8180156,4.9350157,4.8935857,4.857,4.8698163,5.0130353,5.0505724,5.1360893,5.0373755,4.8761916,4.8966594,4.88513,4.825483,4.759227,4.700695,4.761955,4.805999,4.663698,4.5167336,4.6442146,4.8802834,4.910712,4.6726804,4.8276367,5.1239495,4.9730983,4.8951077,4.8243675,4.6028733
4.6439476,3.9171507,4.0322266,4.102128,3.3484879,2.9384751,3.010253,3.467977,3.9436204,3.944492,3.7058315,3.4783776,3.4563386,3.5821528,3.7213368,3.821792,4.098383,3.940054,4.687798,6.3350472,6.9051595,6.9435024,7.0784135,7.0927095,7.172121,7.289753,7.344638,7.393953,7.402946,7.497346,7.5960565,7.5597477,7.437904,7.4020476,7.3946753,7.3944454,7.3944926,7.284425,7.174634,7.0939293,7.1286926,7.301793,7.5223126,7.584359,7.400344,7.388999,7.4822264,7.0785275,6.3048997,5.6708474,5.3870993,5.4886036,5.3675246,5.2411065,5.264774,5.2870483,5.221291,5.042781,5.0355196,5.7611394,6.467272,6.5202966,5.5751505,4.68758,4.7408943,4.7304425,4.794805,4.7730336,4.7884364,4.8760614,4.9560905,5.0430064,5.1164346,4.974936,4.8383937,4.971217,4.8398337,4.7321258,4.736968,4.8618236,5.0272646,4.959829,4.8646283,4.831054,5.079665,5.439718,5.191113,4.7256317,4.6973085,5.00812,5.501546,6.073984,5.4208264,4.941753
3.7188673,3.5204053,3.6976738,3.3326988,3.2216842,3.0030699,3.1183228,3.4766536,3.6939523,3.4339557,3.4512308,3.0111642,3.0270867,3.2383046,3.5884612,3.7759435,3.9799452,4.5587187,5.596124,6.9156013,7.223963,7.2595887,7.2661967,7.2221646,6.9745092,7.18169,7.472065,7.58303,7.531641,7.693883,7.815888,7.744974,7.550263,7.380196,7.2365446,7.1602645,7.121712,7.045225,6.8742323,6.5483565,6.6751013,7.169568,7.443819,7.499945,7.389502,7.44165,7.462824,7.15737,6.942836,6.476234,5.574221,5.4150558,5.3354363,5.301323,5.279237,5.2350435,5.2551975,5.241245,5.428918,5.0514426,4.9884706,4.9803762,4.610156,4.6094046,4.7432227,4.785734,4.778945,4.763726,4.81743,4.8366337,4.8491473,4.8509254,4.931992,5.0501714,4.8657656,4.7125726,4.663644,4.7007904,4.6990104,4.796115,4.814561,4.862381,4.9119544,4.8238707,4.681095,4.701191,4.710869,4.808145,4.79175,4.614462,5.012567,5.5819845,5.946862,5.2012744
3.2487125,3.2694752,3.0698733,2.9255247,2.9935594,3.05435,3.3748398,3.60764,3.4621546,3.4336886,3.366614,3.0109937,2.692047,2.968805,3.5844457,3.5996737,3.9706156,5.0075126,5.5654078,6.454581,7.031466,7.119003,7.0926466,7.1071086,7.30191,7.6844044,7.8157125,7.7690988,7.5776534,7.6086473,7.704219,7.676973,7.521295,7.298421,7.0424833,6.969547,6.9753094,6.907465,6.7674165,6.7126565,6.859735,7.0906663,7.24741,7.3110237,7.361504,7.3578887,6.79192,5.8421845,6.302629,7.3814583,5.7710104,5.380312,5.454634,5.4620056,5.367791,5.356867,5.329209,5.4812317,6.4520006,5.978177,5.025876,4.792438,4.747207,4.7068105,4.798574,4.8101373,4.8538384,4.8841453,4.8551373,4.8682494,4.899173,4.90111,4.823702,4.680452,4.655522,4.571661,4.5941978,4.6957393,4.714982,4.7627916,4.82189,4.8443446,4.8550453,4.712705,4.547781,4.5011053,4.689428,4.826575,4.8493676,4.756703,4.7067223,4.863339,5.350852,6.214576
3.3678503,3.12315,2.7475116,2.6473255,2.699977,2.9132779,3.3599904,3.7392313,3.8513317,3.5026722,3.2079968,2.8258038,2.699356,3.0038424,3.1878338,3.2689495,3.83938,4.8861227,4.88613,6.1024575,6.477726,6.5689507,6.6927767,6.9458666,7.2296352,7.489657,7.7165313,7.76778,7.600937,7.4141965,7.372531,7.395977,7.26515,7.0745125,6.9335923,6.9292088,6.991279,6.9364862,6.810055,6.83175,6.858808,6.8349714,7.026711,7.3548203,7.50214,7.522217,6.9671884,5.728461,5.9072537,6.7734723,5.5549016,5.430216,5.543596,5.497365,5.405081,5.384163,5.299697,5.343787,5.7531586,5.7933235,4.9396873,4.8081703,4.78478,4.7133045,4.737344,4.779848,4.8795943,4.9634833,4.9628835,4.962983,5.030049,5.0520535,4.9270396,4.7563915,4.6793113,4.684826,4.709541,4.77431,4.64571,4.6661463,4.736584,4.8163543,4.9542284,4.7879715,4.6891727,4.680746,4.6832266,4.719494,4.7639723,4.8314576,4.8824534,4.871521,4.8513794,5.3594303
